N100 Ratio Engine - Day 13 Edge Cases
======================================================================
ROCE / ROE source cross-checks
Difference threshold: > 5 percentage points
Computed Ratio Engine values are analytical source of truth.
companies.xlsx values are source/display reference only.
======================================================================

ROCE ANOMALY | company=ABB | year=2024-03 | calculated=38.4188 | source=46.0000 | difference=7.5812 | category=version difference
ROCE ANOMALY | company=ADANIGREEN | year=2024-03 | calculated=9.7976 | source=96.5000 | difference=86.7024 | category=version difference
ROCE ANOMALY | company=ADANIPOWER | year=2024-03 | calculated=23.4411 | source=32.2000 | difference=8.7589 | category=version difference
ROCE ANOMALY | company=ASIANPAINT | year=2024-03 | calculated=35.7749 | source=41.7500 | difference=5.9751 | category=version difference
ROCE ANOMALY | company=BAJAJ-AUTO | year=2024-03 | calculated=28.3896 | source=33.5000 | difference=5.1104 | category=version difference
ROCE ANOMALY | company=BAJAJFINSV | year=2024-03 | calculated=11.7064 | source=21.1400 | difference=9.4336 | category=version difference
ROCE ANOMALY | company=BAJAJHLDNG | year=2024-03 | calculated=2.8761 | source=13.1000 | difference=10.2239 | category=version difference
ROCE ANOMALY | company=BAJFINANCE | year=2024-03 | calculated=4.3506 | source=11.9000 | difference=7.5494 | category=version difference
ROCE ANOMALY | company=BEL | year=2024-03 | calculated=3977.1654 | source=34.6000 | difference=3942.5654 | category=version difference
ROCE ANOMALY | company=BHARTIARTL | year=2024-03 | calculated=26.2539 | source=13.1000 | difference=13.1539 | category=version difference
ROCE ANOMALY | company=CHOLAFIN | year=2024-03 | calculated=3.4952 | source=10.4000 | difference=6.9048 | category=version difference
ROCE ANOMALY | company=CIPLA | year=2024-03 | calculated=71.4579 | source=22.8000 | difference=48.6579 | category=version difference
ROCE ANOMALY | company=COALINDIA | year=2024-03 | calculated=105.7130 | source=63.6000 | difference=42.1130 | category=version difference
ROCE ANOMALY | company=EICHERMOT | year=2024-03 | calculated=23.4456 | source=31.1000 | difference=7.6544 | category=version difference
ROCE ANOMALY | company=GODREJCP | year=2024-03 | calculated=18.6915 | source=26.4900 | difference=7.7985 | category=version difference
ROCE ANOMALY | company=HAL | year=2024-03 | calculated=3027.6398 | source=38.9000 | difference=2988.7398 | category=version difference
ROCE ANOMALY | company=HDFCLIFE | year=2024-03 | calculated=646.4588 | source=6.6100 | difference=639.8488 | category=version difference
ROCE ANOMALY | company=HEROMOTOCO | year=2024-03 | calculated=177.8421 | source=29.1000 | difference=148.7421 | category=version difference
ROCE ANOMALY | company=HINDALCO | year=2024-03 | calculated=118.2078 | source=11.3000 | difference=106.9078 | category=version difference
ROCE ANOMALY | company=HINDUNILVR | year=2024-03 | calculated=89.6304 | source=27.2000 | difference=62.4304 | category=version difference
ROCE ANOMALY | company=ICICIGI | year=2024-03 | calculated=146.3235 | source=22.5000 | difference=123.8235 | category=version difference
ROCE ANOMALY | company=ICICIPRULI | year=2024-03 | calculated=754.9037 | source=8.7500 | difference=746.1537 | category=version difference
ROCE ANOMALY | company=INDIGO | year=2024-03 | calculated=5640.8798 | source=24.5000 | difference=5616.3798 | category=version difference
ROCE ANOMALY | company=IRCTC | year=2024-03 | calculated=44.5593 | source=53.8000 | difference=9.2407 | category=version difference
ROCE ANOMALY | company=LICI | year=2024-03 | calculated=39.6135 | source=63.7900 | difference=24.1765 | category=version difference
ROCE ANOMALY | company=LT | year=2024-03 | calculated=135.2030 | source=17.1800 | difference=118.0230 | category=version difference
ROCE ANOMALY | company=LTIM | year=2024-03 | calculated=28.9148 | source=34.1000 | difference=5.1852 | category=version difference
ROCE ANOMALY | company=M&M | year=2024-03 | calculated=14.2373 | source=26.9800 | difference=12.7427 | category=version difference
ROCE ANOMALY | company=MOTHERSON | year=2024-03 | calculated=20.2314 | source=13.7000 | difference=6.5314 | category=version difference
ROCE ANOMALY | company=NESTLEIND | year=2024-03 | calculated=157.7476 | source=185.4300 | difference=27.6824 | category=version difference
ROCE ANOMALY | company=PFC | year=2024-03 | calculated=3.4859 | source=9.9600 | difference=6.4741 | category=version difference
ROCE ANOMALY | company=POWERGRID | year=2024-03 | calculated=18.9052 | source=13.2000 | difference=5.7052 | category=version difference
ROCE ANOMALY | company=SBILIFE | year=2024-03 | calculated=1.6501 | source=13.2000 | difference=11.5499 | category=version difference
ROCE ANOMALY | company=SHREECEM | year=2024-03 | calculated=20.2066 | source=14.8000 | difference=5.4066 | category=version difference
ROCE ANOMALY | company=SHRIRAMFIN | year=2024-03 | calculated=4.3049 | source=11.3000 | difference=6.9951 | category=version difference
ROCE ANOMALY | company=SIEMENS | year=2024-09 | calculated=19.8516 | source=25.6000 | difference=5.7484 | category=version difference
ROCE ANOMALY | company=TATAMOTORS | year=2024-03 | calculated=30.9803 | source=20.1000 | difference=10.8803 | category=version difference
ROCE ANOMALY | company=TATASTEEL | year=2024-03 | calculated=12.4209 | source=7.0200 | difference=5.4009 | category=version difference
ROCE ANOMALY | company=TORNTPHARM | year=2024-03 | calculated=30.9616 | source=23.2000 | difference=7.7616 | category=version difference
ROCE ANOMALY | company=TRENT | year=2024-03 | calculated=33.8602 | source=23.8000 | difference=10.0602 | category=version difference
ROE ANOMALY | company=ADANIENT | year=2024-03 | calculated=8.5347 | source=13.6400 | difference=5.1053 | category=version difference
ROE ANOMALY | company=ADANIPOWER | year=2024-03 | calculated=48.2767 | source=57.1000 | difference=8.8233 | category=version difference
ROE ANOMALY | company=BAJAJFINSV | year=2024-03 | calculated=25.8504 | source=11.7200 | difference=14.1304 | category=version difference
ROE ANOMALY | company=BEL | year=2024-03 | calculated=4744.0476 | source=26.3000 | difference=4717.7476 | category=version difference
ROE ANOMALY | company=BPCL | year=2024-03 | calculated=35.5113 | source=41.9000 | difference=6.3887 | category=version difference
ROE ANOMALY | company=COALINDIA | year=2024-03 | calculated=45.1698 | source=52.0000 | difference=6.8302 | category=version difference
ROE ANOMALY | company=GODREJCP | year=2024-03 | calculated=-4.4531 | source=6.7700 | difference=11.2231 | category=version difference
ROE ANOMALY | company=HAL | year=2024-03 | calculated=3816.5829 | source=28.9000 | difference=3787.6829 | category=version difference
ROE ANOMALY | company=IRCTC | year=2024-03 | calculated=34.3963 | source=40.4000 | difference=6.0037 | category=version difference
ROE ANOMALY | company=LICI | year=2024-03 | calculated=49.4471 | source=63.6100 | difference=14.1629 | category=version difference
ROE ANOMALY | company=LT | year=2024-03 | calculated=77.6651 | source=10.4900 | difference=67.1751 | category=version difference
ROE ANOMALY | company=NESTLEIND | year=2024-03 | calculated=117.7545 | source=135.6100 | difference=17.8555 | category=version difference
ROE ANOMALY | company=PFC | year=2024-03 | calculated=26.1609 | source=19.4900 | difference=6.6709 | category=version difference
ROE ANOMALY | company=PNB | year=2024-03 | calculated=61.3206 | source=8.7000 | difference=52.6206 | category=version difference
ROE ANOMALY | company=TATAMOTORS | year=2024-03 | calculated=37.4561 | source=49.4000 | difference=11.9439 | category=version difference
ROE ANOMALY | company=TATASTEEL | year=2024-03 | calculated=-5.3349 | source=6.5500 | difference=11.8849 | category=version difference
ROE ANOMALY | company=TCS | year=2024-03 | calculated=50.9443 | source=0.5200 | difference=50.4243 | category=data source issue
ROE ANOMALY | company=TRENT | year=2024-03 | calculated=36.3078 | source=27.2000 | difference=9.1078 | category=version difference
2026-09-19 13:12:19,298 | WARNING | ROCE anomaly | company=ABB | year=2012-12 | computed=31.2210 | source=46.0000 | difference=14.7790 | category=REVIEW_REQUIRED
2026-09-19 13:12:19,299 | WARNING | ROCE anomaly | company=ABB | year=2014-03 | computed=33.8832 | source=46.0000 | difference=12.1168 | category=REVIEW_REQUIRED
2026-09-19 13:12:19,300 | WARNING | ROCE anomaly | company=ABB | year=2015-03 | computed=33.2978 | source=46.0000 | difference=12.7022 | category=REVIEW_REQUIRED
2026-09-19 13:12:19,300 | WARNING | ROCE anomaly | company=ABB | year=2016-03 | computed=30.5439 | source=46.0000 | difference=15.4561 | category=REVIEW_REQUIRED
2026-09-19 13:12:19,300 | WARNING | ROCE anomaly | company=ABB | year=2017-03 | computed=28.6950 | source=46.0000 | difference=17.3050 | category=REVIEW_REQUIRED
2026-09-19 13:12:19,300 | WARNING | ROCE anomaly | company=ABB | year=2018-03 | computed=31.0100 | source=46.0000 | difference=14.9900 | category=REVIEW_REQUIRED
2026-09-19 13:12:19,300 | WARNING | ROCE anomaly | company=ABB | year=2019-03 | computed=30.1295 | source=46.0000 | difference=15.8705 | category=REVIEW_REQUIRED
2026-09-19 13:12:19,300 | WARNING | ROCE anomaly | company=ABB | year=2020-03 | computed=29.0483 | source=46.0000 | difference=16.9517 | category=REVIEW_REQUIRED
2026-09-19 13:12:19,300 | WARNING | ROCE anomaly | company=ABB | year=2021-03 | computed=33.4664 | source=46.0000 | difference=12.5336 | category=REVIEW_REQUIRED
2026-09-19 13:12:19,300 | WARNING | ROCE anomaly | company=ABB | year=2022-03 | computed=36.4065 | source=46.0000 | difference=9.5935 | category=REVIEW_REQUIRED
2026-09-19 13:12:19,300 | WARNING | ROCE anomaly | company=ABB | year=2023-03 | computed=36.5344 | source=46.0000 | difference=9.4656 | category=REVIEW_REQUIRED
2026-09-19 13:12:19,300 | WARNING | ROCE anomaly | company=ABB | year=2024-03 | computed=38.4188 | source=46.0000 | difference=7.5812 | category=REVIEW_REQUIRED
2026-09-19 13:12:19,300 | WARNING | ROCE anomaly | company=ADANIENSOL | year=2014-03 | computed=0.0000 | source=9.0000 | difference=9.0000 | category=REVIEW_REQUIRED
2026-09-19 13:12:19,300 | WARNING | ROCE anomaly | company=ADANIENSOL | year=2015-03 | computed=0.9366 | source=9.0000 | difference=8.0634 | category=REVIEW_REQUIRED
2026-09-19 13:12:19,300 | WARNING | ROCE anomaly | company=ADANIENSOL | year=2016-03 | computed=17.1182 | source=9.0000 | difference=8.1182 | category=REVIEW_REQUIRED
2026-09-19 13:12:19,300 | WARNING | ROCE anomaly | company=ADANIENSOL | year=2017-03 | computed=16.6331 | source=9.0000 | difference=7.6331 | category=REVIEW_REQUIRED
2026-09-19 13:12:19,300 | WARNING | ROCE anomaly | company=ADANIENSOL | year=2018-03 | computed=17.1429 | source=9.0000 | difference=8.1429 | category=REVIEW_REQUIRED
2026-09-19 13:12:19,300 | WARNING | ROCE anomaly | company=ADANIENT | year=2016-03 | computed=5.1741 | source=11.6000 | difference=6.4259 | category=REVIEW_REQUIRED
2026-09-19 13:12:19,300 | WARNING | ROCE anomaly | company=ADANIENT | year=2017-03 | computed=5.4371 | source=11.6000 | difference=6.1629 | category=REVIEW_REQUIRED
2026-09-19 13:12:19,300 | WARNING | ROCE anomaly | company=ADANIENT | year=2018-03 | computed=6.2275 | source=11.6000 | difference=5.3725 | category=REVIEW_REQUIRED
2026-09-19 13:12:19,300 | WARNING | ROCE anomaly | company=ADANIENT | year=2022-03 | computed=5.8158 | source=11.6000 | difference=5.7842 | category=REVIEW_REQUIRED
2026-09-19 13:12:19,300 | WARNING | ROCE anomaly | company=ADANIGREEN | year=2017-03 | computed=7.2613 | source=96.5000 | difference=89.2387 | category=REVIEW_REQUIRED
2026-09-19 13:12:19,300 | WARNING | ROCE anomaly | company=ADANIGREEN | year=2018-03 | computed=7.5234 | source=96.5000 | difference=88.9766 | category=REVIEW_REQUIRED
2026-09-19 13:12:19,301 | WARNING | ROCE anomaly | company=ADANIGREEN | year=2019-03 | computed=11.6711 | source=96.5000 | difference=84.8289 | category=REVIEW_REQUIRED
2026-09-19 13:12:19,301 | WARNING | ROCE anomaly | company=ADANIGREEN | year=2020-03 | computed=8.4190 | source=96.5000 | difference=88.0810 | category=REVIEW_REQUIRED
2026-09-19 13:12:19,301 | WARNING | ROCE anomaly | company=ADANIGREEN | year=2021-03 | computed=8.4857 | source=96.5000 | difference=88.0143 | category=REVIEW_REQUIRED
2026-09-19 13:12:19,301 | WARNING | ROCE anomaly | company=ADANIGREEN | year=2022-03 | computed=6.3341 | source=96.5000 | difference=90.1659 | category=REVIEW_REQUIRED
2026-09-19 13:12:19,301 | WARNING | ROCE anomaly | company=ADANIGREEN | year=2023-03 | computed=8.0778 | source=96.5000 | difference=88.4222 | category=REVIEW_REQUIRED
2026-09-19 13:12:19,301 | WARNING | ROCE anomaly | company=ADANIGREEN | year=2024-03 | computed=9.7976 | source=96.5000 | difference=86.7024 | category=REVIEW_REQUIRED
2026-09-19 13:12:19,302 | WARNING | ROCE anomaly | company=ADANIPOWER | year=2013-03 | computed=2.0830 | source=32.2000 | difference=30.1170 | category=REVIEW_REQUIRED
2026-09-19 13:12:19,302 | WARNING | ROCE anomaly | company=ADANIPOWER | year=2014-03 | computed=9.0604 | source=32.2000 | difference=23.1396 | category=REVIEW_REQUIRED
2026-09-19 13:12:19,302 | WARNING | ROCE anomaly | company=ADANIPOWER | year=2015-03 | computed=9.2694 | source=32.2000 | difference=22.9306 | category=REVIEW_REQUIRED
2026-09-19 13:12:19,302 | WARNING | ROCE anomaly | company=ADANIPOWER | year=2016-03 | computed=14.6220 | source=32.2000 | difference=17.5780 | category=REVIEW_REQUIRED
2026-09-19 13:12:19,302 | WARNING | ROCE anomaly | company=ADANIPOWER | year=2017-03 | computed=10.7779 | source=32.2000 | difference=21.4221 | category=REVIEW_REQUIRED
2026-09-19 13:12:19,302 | WARNING | ROCE anomaly | company=ADANIPOWER | year=2018-03 | computed=10.1184 | source=32.2000 | difference=22.0816 | category=REVIEW_REQUIRED
2026-09-19 13:12:19,302 | WARNING | ROCE anomaly | company=ADANIPOWER | year=2019-03 | computed=9.1110 | source=32.2000 | difference=23.0890 | category=REVIEW_REQUIRED
2026-09-19 13:12:19,302 | WARNING | ROCE anomaly | company=ADANIPOWER | year=2020-03 | computed=9.2964 | source=32.2000 | difference=22.9036 | category=REVIEW_REQUIRED
2026-09-19 13:12:19,302 | WARNING | ROCE anomaly | company=ADANIPOWER | year=2021-03 | computed=13.2374 | source=32.2000 | difference=18.9626 | category=REVIEW_REQUIRED
2026-09-19 13:12:19,302 | WARNING | ROCE anomaly | company=ADANIPOWER | year=2022-03 | computed=14.6164 | source=32.2000 | difference=17.5836 | category=REVIEW_REQUIRED
2026-09-19 13:12:19,302 | WARNING | ROCE anomaly | company=ADANIPOWER | year=2023-03 | computed=13.9783 | source=32.2000 | difference=18.2217 | category=REVIEW_REQUIRED
2026-09-19 13:12:19,302 | WARNING | ROCE anomaly | company=ADANIPOWER | year=2024-03 | computed=23.4411 | source=32.2000 | difference=8.7589 | category=REVIEW_REQUIRED
2026-09-19 13:12:19,302 | WARNING | ROCE anomaly | company=AMBUJACEM | year=2012-12 | computed=27.9214 | source=12.8000 | difference=15.1214 | category=REVIEW_REQUIRED
2026-09-19 13:12:19,302 | WARNING | ROCE anomaly | company=AMBUJACEM | year=2014-12 | computed=19.1409 | source=12.8000 | difference=6.3409 | category=REVIEW_REQUIRED
2026-09-19 13:12:19,302 | WARNING | ROCE anomaly | company=AMBUJACEM | year=2017-12 | computed=18.6413 | source=12.8000 | difference=5.8413 | category=REVIEW_REQUIRED
2026-09-19 13:12:19,302 | WARNING | ROCE anomaly | company=AMBUJACEM | year=2018-12 | computed=17.8983 | source=12.8000 | difference=5.0983 | category=REVIEW_REQUIRED
2026-09-19 13:12:19,302 | WARNING | ROCE anomaly | company=AMBUJACEM | year=2019-12 | computed=19.0597 | source=12.8000 | difference=6.2597 | category=REVIEW_REQUIRED
2026-09-19 13:12:19,302 | WARNING | ROCE anomaly | company=AMBUJACEM | year=2020-12 | computed=21.5516 | source=12.8000 | difference=8.7516 | category=REVIEW_REQUIRED
2026-09-19 13:12:19,302 | WARNING | ROCE anomaly | company=AMBUJACEM | year=2021-12 | computed=24.0409 | source=12.8000 | difference=11.2409 | category=REVIEW_REQUIRED
2026-09-19 13:12:19,302 | WARNING | ROCE anomaly | company=APOLLOHOSP | year=2016-03 | computed=11.0931 | source=17.2000 | difference=6.1069 | category=REVIEW_REQUIRED
2026-09-19 13:12:19,302 | WARNING | ROCE anomaly | company=APOLLOHOSP | year=2017-03 | computed=11.3993 | source=17.2000 | difference=5.8007 | category=REVIEW_REQUIRED
2026-09-19 13:12:19,303 | WARNING | ROCE anomaly | company=APOLLOHOSP | year=2018-03 | computed=11.9928 | source=17.2000 | difference=5.2072 | category=REVIEW_REQUIRED
2026-09-19 13:12:19,303 | WARNING | ROCE anomaly | company=APOLLOHOSP | year=2020-03 | computed=22.9383 | source=17.2000 | difference=5.7383 | category=REVIEW_REQUIRED
2026-09-19 13:12:19,303 | WARNING | ROCE anomaly | company=APOLLOHOSP | year=2022-03 | computed=22.5880 | source=17.2000 | difference=5.3880 | category=REVIEW_REQUIRED
2026-09-19 13:12:19,303 | WARNING | ROCE anomaly | company=ASIANPAINT | year=2013-03 | computed=47.7854 | source=41.7500 | difference=6.0354 | category=REVIEW_REQUIRED
2026-09-19 13:12:19,303 | WARNING | ROCE anomaly | company=ASIANPAINT | year=2017-03 | computed=36.6732 | source=41.7500 | difference=5.0768 | category=REVIEW_REQUIRED
2026-09-19 13:12:19,303 | WARNING | ROCE anomaly | company=ASIANPAINT | year=2018-03 | computed=35.8269 | source=41.7500 | difference=5.9231 | category=REVIEW_REQUIRED
2026-09-19 13:12:19,303 | WARNING | ROCE anomaly | company=ASIANPAINT | year=2019-03 | computed=34.8902 | source=41.7500 | difference=6.8598 | category=REVIEW_REQUIRED
2026-09-19 13:12:19,303 | WARNING | ROCE anomaly | company=ASIANPAINT | year=2021-03 | computed=34.9378 | source=41.7500 | difference=6.8122 | category=REVIEW_REQUIRED
2026-09-19 13:12:19,303 | WARNING | ROCE anomaly | company=ASIANPAINT | year=2022-03 | computed=31.1968 | source=41.7500 | difference=10.5532 | category=REVIEW_REQUIRED
2026-09-19 13:12:19,303 | WARNING | ROCE anomaly | company=ASIANPAINT | year=2023-03 | computed=34.9233 | source=41.7500 | difference=6.8267 | category=REVIEW_REQUIRED
2026-09-19 13:12:19,303 | WARNING | ROCE anomaly | company=ASIANPAINT | year=2024-03 | computed=35.7749 | source=41.7500 | difference=5.9751 | category=REVIEW_REQUIRED
2026-09-19 13:12:19,303 | WARNING | ROCE anomaly | company=ATGL | year=2018-03 | computed=15.5019 | source=21.2000 | difference=5.6981 | category=REVIEW_REQUIRED
2026-09-19 13:12:19,303 | WARNING | ROCE anomaly | company=ATGL | year=2019-03 | computed=30.4144 | source=21.2000 | difference=9.2144 | category=REVIEW_REQUIRED
2026-09-19 13:12:19,303 | WARNING | ROCE anomaly | company=ATGL | year=2020-03 | computed=31.3323 | source=21.2000 | difference=10.1323 | category=REVIEW_REQUIRED
2026-09-19 13:12:19,303 | WARNING | ROCE anomaly | company=ATGL | year=2021-03 | computed=28.5830 | source=21.2000 | difference=7.3830 | category=REVIEW_REQUIRED
2026-09-19 13:12:19,303 | WARNING | ROCE anomaly | company=BAJAJ-AUTO | year=2013-03 | computed=44.6889 | source=33.5000 | difference=11.1889 | category=REVIEW_REQUIRED
2026-09-19 13:12:19,303 | WARNING | ROCE anomaly | company=BAJAJ-AUTO | year=2014-03 | computed=40.7100 | source=33.5000 | difference=7.2100 | category=REVIEW_REQUIRED
2026-09-19 13:12:19,303 | WARNING | ROCE anomaly | company=BAJAJ-AUTO | year=2017-03 | computed=24.6384 | source=33.5000 | difference=8.8616 | category=REVIEW_REQUIRED
2026-09-19 13:12:19,303 | WARNING | ROCE anomaly | company=BAJAJ-AUTO | year=2018-03 | computed=23.5861 | source=33.5000 | difference=9.9139 | category=REVIEW_REQUIRED
2026-09-19 13:12:19,303 | WARNING | ROCE anomaly | company=BAJAJ-AUTO | year=2019-03 | computed=22.2536 | source=33.5000 | difference=11.2464 | category=REVIEW_REQUIRED
2026-09-19 13:12:19,303 | WARNING | ROCE anomaly | company=BAJAJ-AUTO | year=2020-03 | computed=23.4487 | source=33.5000 | difference=10.0513 | category=REVIEW_REQUIRED
2026-09-19 13:12:19,303 | WARNING | ROCE anomaly | company=BAJAJ-AUTO | year=2021-03 | computed=18.0258 | source=33.5000 | difference=15.4742 | category=REVIEW_REQUIRED
2026-09-19 13:12:19,303 | WARNING | ROCE anomaly | company=BAJAJ-AUTO | year=2022-03 | computed=17.5405 | source=33.5000 | difference=15.9595 | category=REVIEW_REQUIRED
2026-09-19 13:12:19,303 | WARNING | ROCE anomaly | company=BAJAJ-AUTO | year=2023-03 | computed=21.9257 | source=33.5000 | difference=11.5743 | category=REVIEW_REQUIRED
2026-09-19 13:12:19,303 | WARNING | ROCE anomaly | company=BAJAJ-AUTO | year=2024-03 | computed=28.3896 | source=33.5000 | difference=5.1104 | category=REVIEW_REQUIRED
2026-09-19 13:12:19,304 | WARNING | ROCE anomaly | company=BAJAJFINSV | year=2014-03 | computed=15.5835 | source=21.1400 | difference=5.5565 | category=REVIEW_REQUIRED
2026-09-19 13:12:19,304 | WARNING | ROCE anomaly | company=BAJAJFINSV | year=2015-03 | computed=14.7349 | source=21.1400 | difference=6.4051 | category=REVIEW_REQUIRED
2026-09-19 13:12:19,304 | WARNING | ROCE anomaly | company=BAJAJFINSV | year=2016-03 | computed=13.5700 | source=21.1400 | difference=7.5700 | category=REVIEW_REQUIRED
2026-09-19 13:12:19,304 | WARNING | ROCE anomaly | company=BAJAJFINSV | year=2017-03 | computed=13.5226 | source=21.1400 | difference=7.6174 | category=REVIEW_REQUIRED
2026-09-19 13:12:19,304 | WARNING | ROCE anomaly | company=BAJAJFINSV | year=2018-03 | computed=12.5183 | source=21.1400 | difference=8.6217 | category=REVIEW_REQUIRED
2026-09-19 13:12:19,304 | WARNING | ROCE anomaly | company=BAJAJFINSV | year=2019-03 | computed=12.1763 | source=21.1400 | difference=8.9637 | category=REVIEW_REQUIRED
2026-09-19 13:12:19,304 | WARNING | ROCE anomaly | company=BAJAJFINSV | year=2020-03 | computed=11.5182 | source=21.1400 | difference=9.6218 | category=REVIEW_REQUIRED
2026-09-19 13:12:19,304 | WARNING | ROCE anomaly | company=BAJAJFINSV | year=2021-03 | computed=11.9550 | source=21.1400 | difference=9.1850 | category=REVIEW_REQUIRED
2026-09-19 13:12:19,304 | WARNING | ROCE anomaly | company=BAJAJFINSV | year=2022-03 | computed=10.6516 | source=21.1400 | difference=10.4884 | category=REVIEW_REQUIRED
2026-09-19 13:12:19,304 | WARNING | ROCE anomaly | company=BAJAJFINSV | year=2023-03 | computed=11.5467 | source=21.1400 | difference=9.5933 | category=REVIEW_REQUIRED
2026-09-19 13:12:19,304 | WARNING | ROCE anomaly | company=BAJAJFINSV | year=2024-03 | computed=11.7064 | source=21.1400 | difference=9.4336 | category=REVIEW_REQUIRED
2026-09-19 13:12:19,304 | WARNING | ROCE anomaly | company=BAJAJHLDNG | year=2013-03 | computed=3.1126 | source=13.1000 | difference=9.9874 | category=REVIEW_REQUIRED
2026-09-19 13:12:19,304 | WARNING | ROCE anomaly | company=BAJAJHLDNG | year=2014-03 | computed=3.3336 | source=13.1000 | difference=9.7664 | category=REVIEW_REQUIRED
2026-09-19 13:12:19,304 | WARNING | ROCE anomaly | company=BAJAJHLDNG | year=2015-03 | computed=3.6138 | source=13.1000 | difference=9.4862 | category=REVIEW_REQUIRED
2026-09-19 13:12:19,304 | WARNING | ROCE anomaly | company=BAJAJHLDNG | year=2016-03 | computed=2.8052 | source=13.1000 | difference=10.2948 | category=REVIEW_REQUIRED
2026-09-19 13:12:19,304 | WARNING | ROCE anomaly | company=BAJAJHLDNG | year=2017-03 | computed=3.5245 | source=13.1000 | difference=9.5755 | category=REVIEW_REQUIRED
2026-09-19 13:12:19,304 | WARNING | ROCE anomaly | company=BAJAJHLDNG | year=2018-03 | computed=1.4087 | source=13.1000 | difference=11.6913 | category=REVIEW_REQUIRED
2026-09-19 13:12:19,304 | WARNING | ROCE anomaly | company=BAJAJHLDNG | year=2019-03 | computed=1.2875 | source=13.1000 | difference=11.8125 | category=REVIEW_REQUIRED
2026-09-19 13:12:19,304 | WARNING | ROCE anomaly | company=BAJAJHLDNG | year=2020-03 | computed=1.0777 | source=13.1000 | difference=12.0223 | category=REVIEW_REQUIRED
2026-09-19 13:12:19,304 | WARNING | ROCE anomaly | company=BAJAJHLDNG | year=2021-03 | computed=0.9436 | source=13.1000 | difference=12.1564 | category=REVIEW_REQUIRED
2026-09-19 13:12:19,304 | WARNING | ROCE anomaly | company=BAJAJHLDNG | year=2022-03 | computed=0.8544 | source=13.1000 | difference=12.2456 | category=REVIEW_REQUIRED
2026-09-19 13:12:19,304 | WARNING | ROCE anomaly | company=BAJAJHLDNG | year=2023-03 | computed=0.8583 | source=13.1000 | difference=12.2417 | category=REVIEW_REQUIRED
2026-09-19 13:12:19,304 | WARNING | ROCE anomaly | company=BAJAJHLDNG | year=2024-03 | computed=2.8761 | source=13.1000 | difference=10.2239 | category=REVIEW_REQUIRED
2026-09-19 13:12:19,305 | WARNING | ROCE anomaly | company=BAJFINANCE | year=2015-03 | computed=5.5699 | source=11.9000 | difference=6.3301 | category=REVIEW_REQUIRED
2026-09-19 13:12:19,305 | WARNING | ROCE anomaly | company=BAJFINANCE | year=2016-03 | computed=5.2956 | source=11.9000 | difference=6.6044 | category=REVIEW_REQUIRED
2026-09-19 13:12:19,305 | WARNING | ROCE anomaly | company=BAJFINANCE | year=2017-03 | computed=5.5225 | source=11.9000 | difference=6.3775 | category=REVIEW_REQUIRED
2026-09-19 13:12:19,305 | WARNING | ROCE anomaly | company=BAJFINANCE | year=2018-03 | computed=4.9936 | source=11.9000 | difference=6.9064 | category=REVIEW_REQUIRED
2026-09-19 13:12:19,305 | WARNING | ROCE anomaly | company=BAJFINANCE | year=2019-03 | computed=4.4968 | source=11.9000 | difference=7.4032 | category=REVIEW_REQUIRED
2026-09-19 13:12:19,305 | WARNING | ROCE anomaly | company=BAJFINANCE | year=2020-03 | computed=5.6490 | source=11.9000 | difference=6.2510 | category=REVIEW_REQUIRED
2026-09-19 13:12:19,305 | WARNING | ROCE anomaly | company=BAJFINANCE | year=2021-03 | computed=6.4307 | source=11.9000 | difference=5.4693 | category=REVIEW_REQUIRED
2026-09-19 13:12:19,305 | WARNING | ROCE anomaly | company=BAJFINANCE | year=2022-03 | computed=5.6857 | source=11.9000 | difference=6.2143 | category=REVIEW_REQUIRED
2026-09-19 13:12:19,305 | WARNING | ROCE anomaly | company=BAJFINANCE | year=2023-03 | computed=4.6827 | source=11.9000 | difference=7.2173 | category=REVIEW_REQUIRED
2026-09-19 13:12:19,305 | WARNING | ROCE anomaly | company=BAJFINANCE | year=2024-03 | computed=4.3506 | source=11.9000 | difference=7.5494 | category=REVIEW_REQUIRED
2026-09-19 13:12:19,305 | WARNING | ROCE anomaly | company=BEL | year=2013-03 | computed=2230.0000 | source=34.6000 | difference=2195.4000 | category=REVIEW_REQUIRED
2026-09-19 13:12:19,305 | WARNING | ROCE anomaly | company=BEL | year=2014-03 | computed=3303.5714 | source=34.6000 | difference=3268.9714 | category=REVIEW_REQUIRED
2026-09-19 13:12:19,305 | WARNING | ROCE anomaly | company=BEL | year=2015-03 | computed=3572.7273 | source=34.6000 | difference=3538.1273 | category=REVIEW_REQUIRED
2026-09-19 13:12:19,305 | WARNING | ROCE anomaly | company=BEL | year=2016-03 | computed=3764.8649 | source=34.6000 | difference=3730.2649 | category=REVIEW_REQUIRED
2026-09-19 13:12:19,305 | WARNING | ROCE anomaly | company=BEL | year=2017-03 | computed=4072.7273 | source=34.6000 | difference=4038.1273 | category=REVIEW_REQUIRED
2026-09-19 13:12:19,305 | WARNING | ROCE anomaly | company=BEL | year=2018-03 | computed=2581.0127 | source=34.6000 | difference=2546.4127 | category=REVIEW_REQUIRED
2026-09-19 13:12:19,305 | WARNING | ROCE anomaly | company=BEL | year=2019-03 | computed=3030.2083 | source=34.6000 | difference=2995.6083 | category=REVIEW_REQUIRED
2026-09-19 13:12:19,305 | WARNING | ROCE anomaly | company=BEL | year=2020-03 | computed=2786.8687 | source=34.6000 | difference=2752.2687 | category=REVIEW_REQUIRED
2026-09-19 13:12:19,306 | WARNING | ROCE anomaly | company=BEL | year=2021-03 | computed=2975.9259 | source=34.6000 | difference=2941.3259 | category=REVIEW_REQUIRED
2026-09-19 13:12:19,306 | WARNING | ROCE anomaly | company=BEL | year=2022-03 | computed=2633.0709 | source=34.6000 | difference=2598.4709 | category=REVIEW_REQUIRED
2026-09-19 13:12:19,306 | WARNING | ROCE anomaly | company=BEL | year=2023-03 | computed=3587.7193 | source=34.6000 | difference=3553.1193 | category=REVIEW_REQUIRED
2026-09-19 13:12:19,306 | WARNING | ROCE anomaly | company=BEL | year=2024-03 | computed=3977.1654 | source=34.6000 | difference=3942.5654 | category=REVIEW_REQUIRED
2026-09-19 13:12:19,306 | WARNING | ROCE anomaly | company=BHARTIARTL | year=2013-03 | computed=19.6142 | source=13.1000 | difference=6.5142 | category=REVIEW_REQUIRED
2026-09-19 13:12:19,306 | WARNING | ROCE anomaly | company=BHARTIARTL | year=2014-03 | computed=19.5441 | source=13.1000 | difference=6.4441 | category=REVIEW_REQUIRED
2026-09-19 13:12:19,306 | WARNING | ROCE anomaly | company=BHARTIARTL | year=2015-03 | computed=27.2761 | source=13.1000 | difference=14.1761 | category=REVIEW_REQUIRED
2026-09-19 13:12:19,306 | WARNING | ROCE anomaly | company=BHARTIARTL | year=2016-03 | computed=20.2991 | source=13.1000 | difference=7.1991 | category=REVIEW_REQUIRED
2026-09-19 13:12:19,306 | WARNING | ROCE anomaly | company=BHARTIARTL | year=2017-03 | computed=20.2180 | source=13.1000 | difference=7.1180 | category=REVIEW_REQUIRED
2026-09-19 13:12:19,306 | WARNING | ROCE anomaly | company=BHARTIARTL | year=2021-03 | computed=20.4200 | source=13.1000 | difference=7.3200 | category=REVIEW_REQUIRED
2026-09-19 13:12:19,306 | WARNING | ROCE anomaly | company=BHARTIARTL | year=2022-03 | computed=24.3549 | source=13.1000 | difference=11.2549 | category=REVIEW_REQUIRED
2026-09-19 13:12:19,306 | WARNING | ROCE anomaly | company=BHARTIARTL | year=2023-03 | computed=23.4776 | source=13.1000 | difference=10.3776 | category=REVIEW_REQUIRED
2026-09-19 13:12:19,306 | WARNING | ROCE anomaly | company=BHARTIARTL | year=2024-03 | computed=26.2539 | source=13.1000 | difference=13.1539 | category=REVIEW_REQUIRED
2026-09-19 13:12:19,306 | WARNING | ROCE anomaly | company=BHEL | year=2013-03 | computed=28.5229 | source=3.2800 | difference=25.2429 | category=REVIEW_REQUIRED
2026-09-19 13:12:19,306 | WARNING | ROCE anomaly | company=BHEL | year=2014-03 | computed=12.0933 | source=3.2800 | difference=8.8133 | category=REVIEW_REQUIRED
2026-09-19 13:12:19,306 | WARNING | ROCE anomaly | company=BHEL | year=2016-03 | computed=-4.1720 | source=3.2800 | difference=7.4520 | category=REVIEW_REQUIRED
2026-09-19 13:12:19,306 | WARNING | ROCE anomaly | company=BHEL | year=2021-03 | computed=-9.8565 | source=3.2800 | difference=13.1365 | category=REVIEW_REQUIRED
2026-09-19 13:12:19,306 | WARNING | ROCE anomaly | company=BOSCHLTD | year=2015-03 | computed=26.5621 | source=20.6000 | difference=5.9621 | category=REVIEW_REQUIRED
2026-09-19 13:12:19,306 | WARNING | ROCE anomaly | company=BOSCHLTD | year=2021-03 | computed=11.7748 | source=20.6000 | difference=8.8252 | category=REVIEW_REQUIRED
2026-09-19 13:12:19,306 | WARNING | ROCE anomaly | company=BOSCHLTD | year=2022-03 | computed=13.5861 | source=20.6000 | difference=7.0139 | category=REVIEW_REQUIRED
2026-09-19 13:12:19,306 | WARNING | ROCE anomaly | company=BPCL | year=2013-03 | computed=13.4363 | source=32.1000 | difference=18.6637 | category=REVIEW_REQUIRED
2026-09-19 13:12:19,306 | WARNING | ROCE anomaly | company=BPCL | year=2014-03 | computed=17.9001 | source=32.1000 | difference=14.1999 | category=REVIEW_REQUIRED
2026-09-19 13:12:19,306 | WARNING | ROCE anomaly | company=BPCL | year=2015-03 | computed=20.3521 | source=32.1000 | difference=11.7479 | category=REVIEW_REQUIRED
2026-09-19 13:12:19,306 | WARNING | ROCE anomaly | company=BPCL | year=2016-03 | computed=25.3429 | source=32.1000 | difference=6.7571 | category=REVIEW_REQUIRED
2026-09-19 13:12:19,306 | WARNING | ROCE anomaly | company=BPCL | year=2017-03 | computed=20.7126 | source=32.1000 | difference=11.3874 | category=REVIEW_REQUIRED
2026-09-19 13:12:19,306 | WARNING | ROCE anomaly | company=BPCL | year=2018-03 | computed=20.6212 | source=32.1000 | difference=11.4788 | category=REVIEW_REQUIRED
2026-09-19 13:12:19,306 | WARNING | ROCE anomaly | company=BPCL | year=2019-03 | computed=18.0757 | source=32.1000 | difference=14.0243 | category=REVIEW_REQUIRED
2026-09-19 13:12:19,306 | WARNING | ROCE anomaly | company=BPCL | year=2020-03 | computed=8.7983 | source=32.1000 | difference=23.3017 | category=REVIEW_REQUIRED
2026-09-19 13:12:19,306 | WARNING | ROCE anomaly | company=BPCL | year=2021-03 | computed=19.4297 | source=32.1000 | difference=12.6703 | category=REVIEW_REQUIRED
2026-09-19 13:12:19,306 | WARNING | ROCE anomaly | company=BPCL | year=2022-03 | computed=16.4352 | source=32.1000 | difference=15.6648 | category=REVIEW_REQUIRED
2026-09-19 13:12:19,306 | WARNING | ROCE anomaly | company=BPCL | year=2023-03 | computed=8.8683 | source=32.1000 | difference=23.2317 | category=REVIEW_REQUIRED
2026-09-19 13:12:19,306 | WARNING | ROCE anomaly | company=BRITANNIA | year=2014-03 | computed=66.1392 | source=48.9000 | difference=17.2392 | category=REVIEW_REQUIRED
2026-09-19 13:12:19,306 | WARNING | ROCE anomaly | company=BRITANNIA | year=2015-03 | computed=62.5899 | source=48.9000 | difference=13.6899 | category=REVIEW_REQUIRED
2026-09-19 13:12:19,306 | WARNING | ROCE anomaly | company=BRITANNIA | year=2016-03 | computed=55.0607 | source=48.9000 | difference=6.1607 | category=REVIEW_REQUIRED
2026-09-19 13:12:19,306 | WARNING | ROCE anomaly | company=BRITANNIA | year=2018-03 | computed=41.6135 | source=48.9000 | difference=7.2865 | category=REVIEW_REQUIRED
2026-09-19 13:12:19,306 | WARNING | ROCE anomaly | company=BRITANNIA | year=2019-03 | computed=39.2833 | source=48.9000 | difference=9.6167 | category=REVIEW_REQUIRED
2026-09-19 13:12:19,306 | WARNING | ROCE anomaly | company=BRITANNIA | year=2020-03 | computed=31.0217 | source=48.9000 | difference=17.8783 | category=REVIEW_REQUIRED
2026-09-19 13:12:19,307 | WARNING | ROCE anomaly | company=BRITANNIA | year=2022-03 | computed=43.6793 | source=48.9000 | difference=5.2207 | category=REVIEW_REQUIRED
2026-09-19 13:12:19,307 | WARNING | ROCE anomaly | company=BRITANNIA | year=2023-03 | computed=43.3471 | source=48.9000 | difference=5.5529 | category=REVIEW_REQUIRED
2026-09-19 13:12:19,307 | WARNING | ROCE anomaly | company=CHOLAFIN | year=2013-03 | computed=3.9951 | source=10.4000 | difference=6.4049 | category=REVIEW_REQUIRED
2026-09-19 13:12:19,307 | WARNING | ROCE anomaly | company=CHOLAFIN | year=2014-03 | computed=4.5772 | source=10.4000 | difference=5.8228 | category=REVIEW_REQUIRED
2026-09-19 13:12:19,307 | WARNING | ROCE anomaly | company=CHOLAFIN | year=2015-03 | computed=4.6895 | source=10.4000 | difference=5.7105 | category=REVIEW_REQUIRED
2026-09-19 13:12:19,307 | WARNING | ROCE anomaly | company=CHOLAFIN | year=2016-03 | computed=4.8291 | source=10.4000 | difference=5.5709 | category=REVIEW_REQUIRED
2026-09-19 13:12:19,307 | WARNING | ROCE anomaly | company=CHOLAFIN | year=2017-03 | computed=4.6600 | source=10.4000 | difference=5.7400 | category=REVIEW_REQUIRED
2026-09-19 13:12:19,307 | WARNING | ROCE anomaly | company=CHOLAFIN | year=2018-03 | computed=3.3391 | source=10.4000 | difference=7.0609 | category=REVIEW_REQUIRED
2026-09-19 13:12:19,307 | WARNING | ROCE anomaly | company=CHOLAFIN | year=2019-03 | computed=2.8745 | source=10.4000 | difference=7.5255 | category=REVIEW_REQUIRED
2026-09-19 13:12:19,307 | WARNING | ROCE anomaly | company=CHOLAFIN | year=2020-03 | computed=3.8304 | source=10.4000 | difference=6.5696 | category=REVIEW_REQUIRED
2026-09-19 13:12:19,307 | WARNING | ROCE anomaly | company=CHOLAFIN | year=2021-03 | computed=3.9725 | source=10.4000 | difference=6.4275 | category=REVIEW_REQUIRED
2026-09-19 13:12:19,307 | WARNING | ROCE anomaly | company=CHOLAFIN | year=2022-03 | computed=3.6149 | source=10.4000 | difference=6.7851 | category=REVIEW_REQUIRED
2026-09-19 13:12:19,307 | WARNING | ROCE anomaly | company=CHOLAFIN | year=2023-03 | computed=3.2416 | source=10.4000 | difference=7.1584 | category=REVIEW_REQUIRED
2026-09-19 13:12:19,307 | WARNING | ROCE anomaly | company=CHOLAFIN | year=2024-03 | computed=3.4952 | source=10.4000 | difference=6.9048 | category=REVIEW_REQUIRED
2026-09-19 13:12:19,307 | WARNING | ROCE anomaly | company=CIPLA | year=2013-03 | computed=60.7350 | source=22.8000 | difference=37.9350 | category=REVIEW_REQUIRED
2026-09-19 13:12:19,307 | WARNING | ROCE anomaly | company=CIPLA | year=2014-03 | computed=71.0328 | source=22.8000 | difference=48.2328 | category=REVIEW_REQUIRED
2026-09-19 13:12:19,307 | WARNING | ROCE anomaly | company=CIPLA | year=2015-03 | computed=73.4346 | source=22.8000 | difference=50.6346 | category=REVIEW_REQUIRED
2026-09-19 13:12:19,307 | WARNING | ROCE anomaly | company=CIPLA | year=2016-03 | computed=67.6476 | source=22.8000 | difference=44.8476 | category=REVIEW_REQUIRED
2026-09-19 13:12:19,307 | WARNING | ROCE anomaly | company=CIPLA | year=2017-03 | computed=71.4294 | source=22.8000 | difference=48.6294 | category=REVIEW_REQUIRED
2026-09-19 13:12:19,307 | WARNING | ROCE anomaly | company=CIPLA | year=2018-03 | computed=67.2723 | source=22.8000 | difference=44.4723 | category=REVIEW_REQUIRED
2026-09-19 13:12:19,307 | WARNING | ROCE anomaly | company=CIPLA | year=2019-03 | computed=68.6310 | source=22.8000 | difference=45.8310 | category=REVIEW_REQUIRED
2026-09-19 13:12:19,307 | WARNING | ROCE anomaly | company=CIPLA | year=2020-03 | computed=74.9556 | source=22.8000 | difference=52.1556 | category=REVIEW_REQUIRED
2026-09-19 13:12:19,307 | WARNING | ROCE anomaly | company=CIPLA | year=2021-03 | computed=73.2891 | source=22.8000 | difference=50.4891 | category=REVIEW_REQUIRED
2026-09-19 13:12:19,307 | WARNING | ROCE anomaly | company=CIPLA | year=2022-03 | computed=78.5998 | source=22.8000 | difference=55.7998 | category=REVIEW_REQUIRED
2026-09-19 13:12:19,307 | WARNING | ROCE anomaly | company=CIPLA | year=2023-03 | computed=73.2177 | source=22.8000 | difference=50.4177 | category=REVIEW_REQUIRED
2026-09-19 13:12:19,307 | WARNING | ROCE anomaly | company=CIPLA | year=2024-03 | computed=71.4579 | source=22.8000 | difference=48.6579 | category=REVIEW_REQUIRED
2026-09-19 13:12:19,307 | WARNING | ROCE anomaly | company=COALINDIA | year=2013-03 | computed=100.8819 | source=63.6000 | difference=37.2819 | category=REVIEW_REQUIRED
2026-09-19 13:12:19,307 | WARNING | ROCE anomaly | company=COALINDIA | year=2014-03 | computed=124.0947 | source=63.6000 | difference=60.4947 | category=REVIEW_REQUIRED
2026-09-19 13:12:19,307 | WARNING | ROCE anomaly | company=COALINDIA | year=2015-03 | computed=139.2925 | source=63.6000 | difference=75.6925 | category=REVIEW_REQUIRED
2026-09-19 13:12:19,308 | WARNING | ROCE anomaly | company=COALINDIA | year=2016-03 | computed=164.1513 | source=63.6000 | difference=100.5513 | category=REVIEW_REQUIRED
2026-09-19 13:12:19,308 | WARNING | ROCE anomaly | company=COALINDIA | year=2017-03 | computed=238.6895 | source=63.6000 | difference=175.0895 | category=REVIEW_REQUIRED
2026-09-19 13:12:19,308 | WARNING | ROCE anomaly | company=COALINDIA | year=2018-03 | computed=349.7698 | source=63.6000 | difference=286.1698 | category=REVIEW_REQUIRED
2026-09-19 13:12:19,308 | WARNING | ROCE anomaly | company=COALINDIA | year=2019-03 | computed=260.1744 | source=63.6000 | difference=196.5744 | category=REVIEW_REQUIRED
2026-09-19 13:12:19,308 | WARNING | ROCE anomaly | company=COALINDIA | year=2020-03 | computed=193.0502 | source=63.6000 | difference=129.4502 | category=REVIEW_REQUIRED
2026-09-19 13:12:19,308 | WARNING | ROCE anomaly | company=COALINDIA | year=2021-03 | computed=168.3836 | source=63.6000 | difference=104.7836 | category=REVIEW_REQUIRED
2026-09-19 13:12:19,308 | WARNING | ROCE anomaly | company=COALINDIA | year=2022-03 | computed=182.1699 | source=63.6000 | difference=118.5699 | category=REVIEW_REQUIRED
2026-09-19 13:12:19,308 | WARNING | ROCE anomaly | company=COALINDIA | year=2023-03 | computed=144.2600 | source=63.6000 | difference=80.6600 | category=REVIEW_REQUIRED
2026-09-19 13:12:19,308 | WARNING | ROCE anomaly | company=COALINDIA | year=2024-03 | computed=105.7130 | source=63.6000 | difference=42.1130 | category=REVIEW_REQUIRED
2026-09-19 13:12:19,308 | WARNING | ROCE anomaly | company=DABUR | year=2013-03 | computed=30.5607 | source=22.3000 | difference=8.2607 | category=REVIEW_REQUIRED
2026-09-19 13:12:19,308 | WARNING | ROCE anomaly | company=DABUR | year=2014-03 | computed=34.5422 | source=22.3000 | difference=12.2422 | category=REVIEW_REQUIRED
2026-09-19 13:12:19,308 | WARNING | ROCE anomaly | company=DABUR | year=2015-03 | computed=32.2896 | source=22.3000 | difference=9.9896 | category=REVIEW_REQUIRED
2026-09-19 13:12:19,308 | WARNING | ROCE anomaly | company=DABUR | year=2016-03 | computed=30.5064 | source=22.3000 | difference=8.2064 | category=REVIEW_REQUIRED
2026-09-19 13:12:19,308 | WARNING | ROCE anomaly | company=DABUR | year=2019-03 | computed=27.4838 | source=22.3000 | difference=5.1838 | category=REVIEW_REQUIRED
2026-09-19 13:12:19,308 | WARNING | ROCE anomaly | company=DIVISLAB | year=2013-03 | computed=32.2021 | source=16.5000 | difference=15.7021 | category=REVIEW_REQUIRED
2026-09-19 13:12:19,308 | WARNING | ROCE anomaly | company=DIVISLAB | year=2014-03 | computed=34.1382 | source=16.5000 | difference=17.6382 | category=REVIEW_REQUIRED
2026-09-19 13:12:19,308 | WARNING | ROCE anomaly | company=DIVISLAB | year=2015-03 | computed=33.2955 | source=16.5000 | difference=16.7955 | category=REVIEW_REQUIRED
2026-09-19 13:12:19,308 | WARNING | ROCE anomaly | company=DIVISLAB | year=2016-03 | computed=32.8258 | source=16.5000 | difference=16.3258 | category=REVIEW_REQUIRED
2026-09-19 13:12:19,308 | WARNING | ROCE anomaly | company=DIVISLAB | year=2017-03 | computed=26.8867 | source=16.5000 | difference=10.3867 | category=REVIEW_REQUIRED
2026-09-19 13:12:19,309 | WARNING | ROCE anomaly | company=DIVISLAB | year=2019-03 | computed=26.5326 | source=16.5000 | difference=10.0326 | category=REVIEW_REQUIRED
2026-09-19 13:12:19,309 | WARNING | ROCE anomaly | company=DIVISLAB | year=2020-03 | computed=24.8469 | source=16.5000 | difference=8.3469 | category=REVIEW_REQUIRED
2026-09-19 13:12:19,309 | WARNING | ROCE anomaly | company=DIVISLAB | year=2021-03 | computed=30.8280 | source=16.5000 | difference=14.3280 | category=REVIEW_REQUIRED
2026-09-19 13:12:19,309 | WARNING | ROCE anomaly | company=DIVISLAB | year=2022-03 | computed=33.1146 | source=16.5000 | difference=16.6146 | category=REVIEW_REQUIRED
2026-09-19 13:12:19,309 | WARNING | ROCE anomaly | company=DMART | year=2016-03 | computed=24.4748 | source=19.4000 | difference=5.0748 | category=REVIEW_REQUIRED
2026-09-19 13:12:19,309 | WARNING | ROCE anomaly | company=DMART | year=2018-03 | computed=26.4879 | source=19.4000 | difference=7.0879 | category=REVIEW_REQUIRED
2026-09-19 13:12:19,309 | WARNING | ROCE anomaly | company=DMART | year=2019-03 | computed=25.9742 | source=19.4000 | difference=6.5742 | category=REVIEW_REQUIRED
2026-09-19 13:12:19,309 | WARNING | ROCE anomaly | company=DMART | year=2021-03 | computed=13.8745 | source=19.4000 | difference=5.5255 | category=REVIEW_REQUIRED
2026-09-19 13:12:19,309 | WARNING | ROCE anomaly | company=DRREDDY | year=2017-03 | computed=14.3888 | source=26.5000 | difference=12.1112 | category=REVIEW_REQUIRED
2026-09-19 13:12:19,309 | WARNING | ROCE anomaly | company=DRREDDY | year=2018-03 | computed=13.3254 | source=26.5000 | difference=13.1746 | category=REVIEW_REQUIRED
2026-09-19 13:12:19,309 | WARNING | ROCE anomaly | company=DRREDDY | year=2019-03 | computed=17.7920 | source=26.5000 | difference=8.7080 | category=REVIEW_REQUIRED
2026-09-19 13:12:19,309 | WARNING | ROCE anomaly | company=DRREDDY | year=2020-03 | computed=13.9087 | source=26.5000 | difference=12.5913 | category=REVIEW_REQUIRED
2026-09-19 13:12:19,309 | WARNING | ROCE anomaly | company=DRREDDY | year=2021-03 | computed=18.7403 | source=26.5000 | difference=7.7597 | category=REVIEW_REQUIRED
2026-09-19 13:12:19,309 | WARNING | ROCE anomaly | company=DRREDDY | year=2022-03 | computed=16.6755 | source=26.5000 | difference=9.8245 | category=REVIEW_REQUIRED
2026-09-19 13:12:19,309 | WARNING | ROCE anomaly | company=EICHERMOT | year=2014-12 | computed=43.4343 | source=31.1000 | difference=12.3343 | category=REVIEW_REQUIRED
2026-09-19 13:12:19,309 | WARNING | ROCE anomaly | company=EICHERMOT | year=2016-03 | computed=45.9739 | source=31.1000 | difference=14.8739 | category=REVIEW_REQUIRED
2026-09-19 13:12:19,309 | WARNING | ROCE anomaly | company=EICHERMOT | year=2017-03 | computed=39.8387 | source=31.1000 | difference=8.7387 | category=REVIEW_REQUIRED
2026-09-19 13:12:19,309 | WARNING | ROCE anomaly | company=EICHERMOT | year=2018-03 | computed=39.1171 | source=31.1000 | difference=8.0171 | category=REVIEW_REQUIRED
2026-09-19 13:12:19,309 | WARNING | ROCE anomaly | company=EICHERMOT | year=2020-03 | computed=21.3392 | source=31.1000 | difference=9.7608 | category=REVIEW_REQUIRED
2026-09-19 13:12:19,309 | WARNING | ROCE anomaly | company=EICHERMOT | year=2021-03 | computed=15.2955 | source=31.1000 | difference=15.8045 | category=REVIEW_REQUIRED
2026-09-19 13:12:19,309 | WARNING | ROCE anomaly | company=EICHERMOT | year=2022-03 | computed=17.1280 | source=31.1000 | difference=13.9720 | category=REVIEW_REQUIRED
2026-09-19 13:12:19,310 | WARNING | ROCE anomaly | company=EICHERMOT | year=2023-03 | computed=22.5553 | source=31.1000 | difference=8.5447 | category=REVIEW_REQUIRED
2026-09-19 13:12:19,310 | WARNING | ROCE anomaly | company=EICHERMOT | year=2024-03 | computed=23.4456 | source=31.1000 | difference=7.6544 | category=REVIEW_REQUIRED
2026-09-19 13:12:19,310 | WARNING | ROCE anomaly | company=GAIL | year=2019-03 | computed=20.6063 | source=14.7000 | difference=5.9063 | category=REVIEW_REQUIRED
2026-09-19 13:12:19,310 | WARNING | ROCE anomaly | company=GAIL | year=2022-03 | computed=20.6750 | source=14.7000 | difference=5.9750 | category=REVIEW_REQUIRED
2026-09-19 13:12:19,310 | WARNING | ROCE anomaly | company=GAIL | year=2023-03 | computed=9.0642 | source=14.7000 | difference=5.6358 | category=REVIEW_REQUIRED
2026-09-19 13:12:19,310 | WARNING | ROCE anomaly | company=GODREJCP | year=2013-03 | computed=17.2474 | source=26.4900 | difference=9.2426 | category=REVIEW_REQUIRED
2026-09-19 13:12:19,310 | WARNING | ROCE anomaly | company=GODREJCP | year=2014-03 | computed=19.0143 | source=26.4900 | difference=7.4757 | category=REVIEW_REQUIRED
2026-09-19 13:12:19,310 | WARNING | ROCE anomaly | company=GODREJCP | year=2015-03 | computed=19.6215 | source=26.4900 | difference=6.8685 | category=REVIEW_REQUIRED
2026-09-19 13:12:19,310 | WARNING | ROCE anomaly | company=GODREJCP | year=2017-03 | computed=20.4988 | source=26.4900 | difference=5.9912 | category=REVIEW_REQUIRED
2026-09-19 13:12:19,310 | WARNING | ROCE anomaly | company=GODREJCP | year=2018-03 | computed=21.3393 | source=26.4900 | difference=5.1507 | category=REVIEW_REQUIRED
2026-09-19 13:12:19,310 | WARNING | ROCE anomaly | company=GODREJCP | year=2019-03 | computed=20.0207 | source=26.4900 | difference=6.4693 | category=REVIEW_REQUIRED
2026-09-19 13:12:19,310 | WARNING | ROCE anomaly | company=GODREJCP | year=2020-03 | computed=18.7745 | source=26.4900 | difference=7.7155 | category=REVIEW_REQUIRED
2026-09-19 13:12:19,310 | WARNING | ROCE anomaly | company=GODREJCP | year=2021-03 | computed=21.2245 | source=26.4900 | difference=5.2655 | category=REVIEW_REQUIRED
2026-09-19 13:12:19,310 | WARNING | ROCE anomaly | company=GODREJCP | year=2022-03 | computed=18.1674 | source=26.4900 | difference=8.3226 | category=REVIEW_REQUIRED
2026-09-19 13:12:19,310 | WARNING | ROCE anomaly | company=GODREJCP | year=2023-03 | computed=16.3696 | source=26.4900 | difference=10.1204 | category=REVIEW_REQUIRED
2026-09-19 13:12:19,310 | WARNING | ROCE anomaly | company=GODREJCP | year=2024-03 | computed=18.6915 | source=26.4900 | difference=7.7985 | category=REVIEW_REQUIRED
2026-09-19 13:12:19,310 | WARNING | ROCE anomaly | company=GRASIM | year=2013-03 | computed=20.2828 | source=9.3000 | difference=10.9828 | category=REVIEW_REQUIRED
2026-09-19 13:12:19,310 | WARNING | ROCE anomaly | company=GRASIM | year=2014-03 | computed=15.7049 | source=9.3000 | difference=6.4049 | category=REVIEW_REQUIRED
2026-09-19 13:12:19,310 | WARNING | ROCE anomaly | company=GRASIM | year=2015-03 | computed=14.6678 | source=9.3000 | difference=5.3678 | category=REVIEW_REQUIRED
2026-09-19 13:12:19,310 | WARNING | ROCE anomaly | company=GRASIM | year=2016-03 | computed=14.8019 | source=9.3000 | difference=5.5019 | category=REVIEW_REQUIRED
2026-09-19 13:12:19,310 | WARNING | ROCE anomaly | company=GRASIM | year=2017-03 | computed=18.1946 | source=9.3000 | difference=8.8946 | category=REVIEW_REQUIRED
2026-09-19 13:12:19,310 | WARNING | ROCE anomaly | company=HAL | year=2016-03 | computed=1795.6522 | source=38.9000 | difference=1756.7522 | category=REVIEW_REQUIRED
2026-09-19 13:12:19,310 | WARNING | ROCE anomaly | company=HAL | year=2017-03 | computed=2397.0370 | source=38.9000 | difference=2358.1370 | category=REVIEW_REQUIRED
2026-09-19 13:12:19,311 | WARNING | ROCE anomaly | company=HAL | year=2018-03 | computed=2601.5038 | source=38.9000 | difference=2562.6038 | category=REVIEW_REQUIRED
2026-09-19 13:12:19,311 | WARNING | ROCE anomaly | company=HAL | year=2019-03 | computed=3240.4255 | source=38.9000 | difference=3201.5255 | category=REVIEW_REQUIRED
2026-09-19 13:12:19,311 | WARNING | ROCE anomaly | company=HAL | year=2020-03 | computed=3485.7143 | source=38.9000 | difference=3446.8143 | category=REVIEW_REQUIRED
2026-09-19 13:12:19,311 | WARNING | ROCE anomaly | company=HAL | year=2021-03 | computed=3560.6667 | source=38.9000 | difference=3521.7667 | category=REVIEW_REQUIRED
2026-09-19 13:12:19,311 | WARNING | ROCE anomaly | company=HAL | year=2022-03 | computed=3284.8485 | source=38.9000 | difference=3245.9485 | category=REVIEW_REQUIRED
2026-09-19 13:12:19,311 | WARNING | ROCE anomaly | company=HAL | year=2023-03 | computed=2977.2321 | source=38.9000 | difference=2938.3321 | category=REVIEW_REQUIRED
2026-09-19 13:12:19,311 | WARNING | ROCE anomaly | company=HAL | year=2024-03 | computed=3027.6398 | source=38.9000 | difference=2988.7398 | category=REVIEW_REQUIRED
2026-09-19 13:12:19,311 | WARNING | ROCE anomaly | company=HAVELLS | year=2015-03 | computed=33.6753 | source=24.4000 | difference=9.2753 | category=REVIEW_REQUIRED
2026-09-19 13:12:19,311 | WARNING | ROCE anomaly | company=HCLTECH | year=2013-06 | computed=39.9775 | source=29.6000 | difference=10.3775 | category=REVIEW_REQUIRED
2026-09-19 13:12:19,311 | WARNING | ROCE anomaly | company=HCLTECH | year=2014-06 | computed=39.0655 | source=29.6000 | difference=9.4655 | category=REVIEW_REQUIRED
2026-09-19 13:12:19,311 | WARNING | ROCE anomaly | company=HCLTECH | year=2016-03 | computed=23.3629 | source=29.6000 | difference=6.2371 | category=REVIEW_REQUIRED
2026-09-19 13:12:19,311 | WARNING | ROCE anomaly | company=HDFCBANK | year=2023-03 | computed=2.5958 | source=7.6700 | difference=5.0742 | category=REVIEW_REQUIRED
2026-09-19 13:12:19,311 | WARNING | ROCE anomaly | company=HDFCLIFE | year=2013-03 | computed=1012.3411 | source=6.6100 | difference=1005.7311 | category=REVIEW_REQUIRED
2026-09-19 13:12:19,311 | WARNING | ROCE anomaly | company=HDFCLIFE | year=2014-03 | computed=858.9730 | source=6.6100 | difference=852.3630 | category=REVIEW_REQUIRED
2026-09-19 13:12:19,311 | WARNING | ROCE anomaly | company=HDFCLIFE | year=2015-03 | computed=1036.6391 | source=6.6100 | difference=1030.0291 | category=REVIEW_REQUIRED
2026-09-19 13:12:19,311 | WARNING | ROCE anomaly | company=HDFCLIFE | year=2016-03 | computed=553.8833 | source=6.6100 | difference=547.2733 | category=REVIEW_REQUIRED
2026-09-19 13:12:19,311 | WARNING | ROCE anomaly | company=HDFCLIFE | year=2017-03 | computed=775.5881 | source=6.6100 | difference=768.9781 | category=REVIEW_REQUIRED
2026-09-19 13:12:19,311 | WARNING | ROCE anomaly | company=HDFCLIFE | year=2018-03 | computed=662.8268 | source=6.6100 | difference=656.2168 | category=REVIEW_REQUIRED
2026-09-19 13:12:19,311 | WARNING | ROCE anomaly | company=HDFCLIFE | year=2019-03 | computed=667.1393 | source=6.6100 | difference=660.5293 | category=REVIEW_REQUIRED
2026-09-19 13:12:19,311 | WARNING | ROCE anomaly | company=HDFCLIFE | year=2020-03 | computed=414.8524 | source=6.6100 | difference=408.2424 | category=REVIEW_REQUIRED
2026-09-19 13:12:19,311 | WARNING | ROCE anomaly | company=HDFCLIFE | year=2021-03 | computed=760.7576 | source=6.6100 | difference=754.1476 | category=REVIEW_REQUIRED
2026-09-19 13:12:19,311 | WARNING | ROCE anomaly | company=HDFCLIFE | year=2022-03 | computed=409.2019 | source=6.6100 | difference=402.5919 | category=REVIEW_REQUIRED
2026-09-19 13:12:19,311 | WARNING | ROCE anomaly | company=HDFCLIFE | year=2023-03 | computed=502.9549 | source=6.6100 | difference=496.3449 | category=REVIEW_REQUIRED
2026-09-19 13:12:19,311 | WARNING | ROCE anomaly | company=HDFCLIFE | year=2024-03 | computed=646.4588 | source=6.6100 | difference=639.8488 | category=REVIEW_REQUIRED
2026-09-19 13:12:19,311 | WARNING | ROCE anomaly | company=HEROMOTOCO | year=2014-03 | computed=367.7332 | source=29.1000 | difference=338.6332 | category=REVIEW_REQUIRED
2026-09-19 13:12:19,311 | WARNING | ROCE anomaly | company=HEROMOTOCO | year=2015-03 | computed=361.7169 | source=29.1000 | difference=332.6169 | category=REVIEW_REQUIRED
2026-09-19 13:12:19,312 | WARNING | ROCE anomaly | company=HEROMOTOCO | year=2016-03 | computed=265.0893 | source=29.1000 | difference=235.9893 | category=REVIEW_REQUIRED
2026-09-19 13:12:19,312 | WARNING | ROCE anomaly | company=HEROMOTOCO | year=2017-03 | computed=227.1438 | source=29.1000 | difference=198.0438 | category=REVIEW_REQUIRED
2026-09-19 13:12:19,312 | WARNING | ROCE anomaly | company=HEROMOTOCO | year=2018-03 | computed=222.3279 | source=29.1000 | difference=193.2279 | category=REVIEW_REQUIRED
2026-09-19 13:12:19,312 | WARNING | ROCE anomaly | company=HEROMOTOCO | year=2019-03 | computed=215.5003 | source=29.1000 | difference=186.4003 | category=REVIEW_REQUIRED
2026-09-19 13:12:19,312 | WARNING | ROCE anomaly | company=HEROMOTOCO | year=2020-03 | computed=169.4865 | source=29.1000 | difference=140.3865 | category=REVIEW_REQUIRED
2026-09-19 13:12:19,312 | WARNING | ROCE anomaly | company=HEROMOTOCO | year=2021-03 | computed=168.1375 | source=29.1000 | difference=139.0375 | category=REVIEW_REQUIRED
2026-09-19 13:12:19,312 | WARNING | ROCE anomaly | company=HEROMOTOCO | year=2022-03 | computed=159.8286 | source=29.1000 | difference=130.7286 | category=REVIEW_REQUIRED
2026-09-19 13:12:19,312 | WARNING | ROCE anomaly | company=HEROMOTOCO | year=2023-03 | computed=174.5239 | source=29.1000 | difference=145.4239 | category=REVIEW_REQUIRED
2026-09-19 13:12:19,312 | WARNING | ROCE anomaly | company=HEROMOTOCO | year=2024-03 | computed=177.8421 | source=29.1000 | difference=148.7421 | category=REVIEW_REQUIRED
2026-09-19 13:12:19,312 | WARNING | ROCE anomaly | company=HINDALCO | year=2013-03 | computed=78.5579 | source=11.3000 | difference=67.2579 | category=REVIEW_REQUIRED
2026-09-19 13:12:19,312 | WARNING | ROCE anomaly | company=HINDALCO | year=2014-03 | computed=75.6179 | source=11.3000 | difference=64.3179 | category=REVIEW_REQUIRED
2026-09-19 13:12:19,312 | WARNING | ROCE anomaly | company=HINDALCO | year=2015-03 | computed=89.3630 | source=11.3000 | difference=78.0630 | category=REVIEW_REQUIRED
2026-09-19 13:12:19,312 | WARNING | ROCE anomaly | company=HINDALCO | year=2016-03 | computed=84.1163 | source=11.3000 | difference=72.8163 | category=REVIEW_REQUIRED
2026-09-19 13:12:19,312 | WARNING | ROCE anomaly | company=HINDALCO | year=2017-03 | computed=79.9692 | source=11.3000 | difference=68.6692 | category=REVIEW_REQUIRED
2026-09-19 13:12:19,312 | WARNING | ROCE anomaly | company=HINDALCO | year=2018-03 | computed=94.9142 | source=11.3000 | difference=83.6142 | category=REVIEW_REQUIRED
2026-09-19 13:12:19,312 | WARNING | ROCE anomaly | company=HINDALCO | year=2019-03 | computed=104.6536 | source=11.3000 | difference=93.3536 | category=REVIEW_REQUIRED
2026-09-19 13:12:19,312 | WARNING | ROCE anomaly | company=HINDALCO | year=2020-03 | computed=81.9455 | source=11.3000 | difference=70.6455 | category=REVIEW_REQUIRED
2026-09-19 13:12:19,312 | WARNING | ROCE anomaly | company=HINDALCO | year=2021-03 | computed=85.5764 | source=11.3000 | difference=74.2764 | category=REVIEW_REQUIRED
2026-09-19 13:12:19,312 | WARNING | ROCE anomaly | company=HINDALCO | year=2022-03 | computed=116.8457 | source=11.3000 | difference=105.5457 | category=REVIEW_REQUIRED
2026-09-19 13:12:19,312 | WARNING | ROCE anomaly | company=HINDALCO | year=2023-03 | computed=129.2971 | source=11.3000 | difference=117.9971 | category=REVIEW_REQUIRED
2026-09-19 13:12:19,312 | WARNING | ROCE anomaly | company=HINDALCO | year=2024-03 | computed=118.2078 | source=11.3000 | difference=106.9078 | category=REVIEW_REQUIRED
2026-09-19 13:12:19,312 | WARNING | ROCE anomaly | company=HINDUNILVR | year=2013-03 | computed=788.3737 | source=27.2000 | difference=761.1737 | category=REVIEW_REQUIRED
2026-09-19 13:12:19,312 | WARNING | ROCE anomaly | company=HINDUNILVR | year=2014-03 | computed=683.0868 | source=27.2000 | difference=655.8868 | category=REVIEW_REQUIRED
2026-09-19 13:12:19,312 | WARNING | ROCE anomaly | company=HINDUNILVR | year=2015-03 | computed=652.5799 | source=27.2000 | difference=625.3799 | category=REVIEW_REQUIRED
2026-09-19 13:12:19,312 | WARNING | ROCE anomaly | company=HINDUNILVR | year=2016-03 | computed=389.2741 | source=27.2000 | difference=362.0741 | category=REVIEW_REQUIRED
2026-09-19 13:12:19,312 | WARNING | ROCE anomaly | company=HINDUNILVR | year=2017-03 | computed=382.1963 | source=27.2000 | difference=354.9963 | category=REVIEW_REQUIRED
2026-09-19 13:12:19,312 | WARNING | ROCE anomaly | company=HINDUNILVR | year=2018-03 | computed=385.1943 | source=27.2000 | difference=357.9943 | category=REVIEW_REQUIRED
2026-09-19 13:12:19,312 | WARNING | ROCE anomaly | company=HINDUNILVR | year=2019-03 | computed=381.9985 | source=27.2000 | difference=354.7985 | category=REVIEW_REQUIRED
2026-09-19 13:12:19,312 | WARNING | ROCE anomaly | company=HINDUNILVR | year=2020-03 | computed=363.6165 | source=27.2000 | difference=336.4165 | category=REVIEW_REQUIRED
2026-09-19 13:12:19,312 | WARNING | ROCE anomaly | company=HINDUNILVR | year=2021-03 | computed=74.2585 | source=27.2000 | difference=47.0585 | category=REVIEW_REQUIRED
2026-09-19 13:12:19,312 | WARNING | ROCE anomaly | company=HINDUNILVR | year=2022-03 | computed=79.0137 | source=27.2000 | difference=51.8137 | category=REVIEW_REQUIRED
2026-09-19 13:12:19,312 | WARNING | ROCE anomaly | company=HINDUNILVR | year=2023-03 | computed=90.1209 | source=27.2000 | difference=62.9209 | category=REVIEW_REQUIRED
2026-09-19 13:12:19,312 | WARNING | ROCE anomaly | company=HINDUNILVR | year=2024-03 | computed=89.6304 | source=27.2000 | difference=62.4304 | category=REVIEW_REQUIRED
2026-09-19 13:12:19,312 | WARNING | ROCE anomaly | company=ICICIGI | year=2013-03 | computed=224.1176 | source=22.5000 | difference=201.6176 | category=REVIEW_REQUIRED
2026-09-19 13:12:19,312 | WARNING | ROCE anomaly | company=ICICIGI | year=2014-03 | computed=191.2281 | source=22.5000 | difference=168.7281 | category=REVIEW_REQUIRED
2026-09-19 13:12:19,312 | WARNING | ROCE anomaly | company=ICICIGI | year=2015-03 | computed=154.4006 | source=22.5000 | difference=131.9006 | category=REVIEW_REQUIRED
2026-09-19 13:12:19,312 | WARNING | ROCE anomaly | company=ICICIGI | year=2016-03 | computed=162.7742 | source=22.5000 | difference=140.2742 | category=REVIEW_REQUIRED
2026-09-19 13:12:19,312 | WARNING | ROCE anomaly | company=ICICIGI | year=2017-03 | computed=150.5016 | source=22.5000 | difference=128.0016 | category=REVIEW_REQUIRED
2026-09-19 13:12:19,312 | WARNING | ROCE anomaly | company=ICICIGI | year=2018-03 | computed=142.7378 | source=22.5000 | difference=120.2378 | category=REVIEW_REQUIRED
2026-09-19 13:12:19,313 | WARNING | ROCE anomaly | company=ICICIGI | year=2019-03 | computed=161.3254 | source=22.5000 | difference=138.8254 | category=REVIEW_REQUIRED
2026-09-19 13:12:19,313 | WARNING | ROCE anomaly | company=ICICIGI | year=2020-03 | computed=147.2277 | source=22.5000 | difference=124.7277 | category=REVIEW_REQUIRED
2026-09-19 13:12:19,313 | WARNING | ROCE anomaly | company=ICICIGI | year=2021-03 | computed=124.8144 | source=22.5000 | difference=102.3144 | category=REVIEW_REQUIRED
2026-09-19 13:12:19,313 | WARNING | ROCE anomaly | company=ICICIGI | year=2022-03 | computed=158.8696 | source=22.5000 | difference=136.3696 | category=REVIEW_REQUIRED
2026-09-19 13:12:19,313 | WARNING | ROCE anomaly | company=ICICIGI | year=2023-03 | computed=158.5266 | source=22.5000 | difference=136.0266 | category=REVIEW_REQUIRED
2026-09-19 13:12:19,313 | WARNING | ROCE anomaly | company=ICICIGI | year=2024-03 | computed=146.3235 | source=22.5000 | difference=123.8235 | category=REVIEW_REQUIRED
2026-09-19 13:12:19,313 | WARNING | ROCE anomaly | company=ICICIPRULI | year=2013-03 | computed=486.7458 | source=8.7500 | difference=477.9958 | category=REVIEW_REQUIRED
2026-09-19 13:12:19,313 | WARNING | ROCE anomaly | company=ICICIPRULI | year=2014-03 | computed=465.0696 | source=8.7500 | difference=456.3196 | category=REVIEW_REQUIRED
2026-09-19 13:12:19,313 | WARNING | ROCE anomaly | company=ICICIPRULI | year=2015-03 | computed=622.9440 | source=8.7500 | difference=614.1940 | category=REVIEW_REQUIRED
2026-09-19 13:12:19,313 | WARNING | ROCE anomaly | company=ICICIPRULI | year=2016-03 | computed=299.2443 | source=8.7500 | difference=290.4943 | category=REVIEW_REQUIRED
2026-09-19 13:12:19,313 | WARNING | ROCE anomaly | company=ICICIPRULI | year=2017-03 | computed=562.1293 | source=8.7500 | difference=553.3793 | category=REVIEW_REQUIRED
2026-09-19 13:12:19,313 | WARNING | ROCE anomaly | company=ICICIPRULI | year=2018-03 | computed=563.7664 | source=8.7500 | difference=555.0164 | category=REVIEW_REQUIRED
2026-09-19 13:12:19,313 | WARNING | ROCE anomaly | company=ICICIPRULI | year=2019-03 | computed=595.5756 | source=8.7500 | difference=586.8256 | category=REVIEW_REQUIRED
2026-09-19 13:12:19,313 | WARNING | ROCE anomaly | company=ICICIPRULI | year=2020-03 | computed=295.9102 | source=8.7500 | difference=287.1602 | category=REVIEW_REQUIRED
2026-09-19 13:12:19,313 | WARNING | ROCE anomaly | company=ICICIPRULI | year=2021-03 | computed=810.6703 | source=8.7500 | difference=801.9203 | category=REVIEW_REQUIRED
2026-09-19 13:12:19,313 | WARNING | ROCE anomaly | company=ICICIPRULI | year=2022-03 | computed=634.5627 | source=8.7500 | difference=625.8127 | category=REVIEW_REQUIRED
2026-09-19 13:12:19,313 | WARNING | ROCE anomaly | company=ICICIPRULI | year=2023-03 | computed=462.6661 | source=8.7500 | difference=453.9161 | category=REVIEW_REQUIRED
2026-09-19 13:12:19,313 | WARNING | ROCE anomaly | company=ICICIPRULI | year=2024-03 | computed=754.9037 | source=8.7500 | difference=746.1537 | category=REVIEW_REQUIRED
2026-09-19 13:12:19,313 | WARNING | ROCE anomaly | company=INDIGO | year=2013-03 | computed=54207.7922 | source=24.5000 | difference=54183.2922 | category=REVIEW_REQUIRED
2026-09-19 13:12:19,313 | WARNING | ROCE anomaly | company=INDIGO | year=2014-03 | computed=58065.2174 | source=24.5000 | difference=58040.7174 | category=REVIEW_REQUIRED
2026-09-19 13:12:19,313 | WARNING | ROCE anomaly | company=INDIGO | year=2015-03 | computed=39546.0526 | source=24.5000 | difference=39521.5526 | category=REVIEW_REQUIRED
2026-09-19 13:12:19,313 | WARNING | ROCE anomaly | company=INDIGO | year=2016-03 | computed=9443.9592 | source=24.5000 | difference=9419.4592 | category=REVIEW_REQUIRED
2026-09-19 13:12:19,313 | WARNING | ROCE anomaly | company=INDIGO | year=2017-03 | computed=10908.0000 | source=24.5000 | difference=10883.5000 | category=REVIEW_REQUIRED
2026-09-19 13:12:19,313 | WARNING | ROCE anomaly | company=INDIGO | year=2018-03 | computed=12981.1688 | source=24.5000 | difference=12956.6688 | category=REVIEW_REQUIRED
2026-09-19 13:12:19,313 | WARNING | ROCE anomaly | company=INDIGO | year=2019-03 | computed=13201.8433 | source=24.5000 | difference=13177.3433 | category=REVIEW_REQUIRED
2026-09-19 13:12:19,313 | WARNING | ROCE anomaly | company=INDIGO | year=2020-03 | computed=12475.1969 | source=24.5000 | difference=12450.6969 | category=REVIEW_REQUIRED
2026-09-19 13:12:19,313 | WARNING | ROCE anomaly | company=INDIGO | year=2021-03 | computed=2554.6248 | source=24.5000 | difference=2530.1248 | category=REVIEW_REQUIRED
2026-09-19 13:12:19,313 | WARNING | ROCE anomaly | company=INDIGO | year=2022-03 | computed=3832.7795 | source=24.5000 | difference=3808.2795 | category=REVIEW_REQUIRED
2026-09-19 13:12:19,313 | WARNING | ROCE anomaly | company=INDIGO | year=2023-03 | computed=6074.2712 | source=24.5000 | difference=6049.7712 | category=REVIEW_REQUIRED
2026-09-19 13:12:19,313 | WARNING | ROCE anomaly | company=INDIGO | year=2024-03 | computed=5640.8798 | source=24.5000 | difference=5616.3798 | category=REVIEW_REQUIRED
2026-09-19 13:12:19,313 | WARNING | ROCE anomaly | company=INDUSINDBK | year=2013-03 | computed=2.7343 | source=7.9300 | difference=5.1957 | category=REVIEW_REQUIRED
2026-09-19 13:12:19,313 | WARNING | ROCE anomaly | company=INFY | year=2013-03 | computed=30.3680 | source=40.0000 | difference=9.6320 | category=REVIEW_REQUIRED
2026-09-19 13:12:19,313 | WARNING | ROCE anomaly | company=INFY | year=2014-03 | computed=30.0696 | source=40.0000 | difference=9.9304 | category=REVIEW_REQUIRED
2026-09-19 13:12:19,313 | WARNING | ROCE anomaly | company=INFY | year=2015-03 | computed=29.3342 | source=40.0000 | difference=10.6658 | category=REVIEW_REQUIRED
2026-09-19 13:12:19,313 | WARNING | ROCE anomaly | company=INFY | year=2016-03 | computed=27.6610 | source=40.0000 | difference=12.3390 | category=REVIEW_REQUIRED
2026-09-19 13:12:19,313 | WARNING | ROCE anomaly | company=INFY | year=2017-03 | computed=26.9694 | source=40.0000 | difference=13.0306 | category=REVIEW_REQUIRED
2026-09-19 13:12:19,313 | WARNING | ROCE anomaly | company=INFY | year=2018-03 | computed=28.9913 | source=40.0000 | difference=11.0087 | category=REVIEW_REQUIRED
2026-09-19 13:12:19,313 | WARNING | ROCE anomaly | company=INFY | year=2019-03 | computed=31.0556 | source=40.0000 | difference=8.9444 | category=REVIEW_REQUIRED
2026-09-19 13:12:19,313 | WARNING | ROCE anomaly | company=INFY | year=2020-03 | computed=31.7723 | source=40.0000 | difference=8.2277 | category=REVIEW_REQUIRED
2026-09-19 13:12:19,314 | WARNING | ROCE anomaly | company=INFY | year=2021-03 | computed=34.1459 | source=40.0000 | difference=5.8541 | category=REVIEW_REQUIRED
2026-09-19 13:12:19,314 | WARNING | ROCE anomaly | company=IOC | year=2013-03 | computed=9.0768 | source=21.3100 | difference=12.2332 | category=REVIEW_REQUIRED
2026-09-19 13:12:19,314 | WARNING | ROCE anomaly | company=IOC | year=2014-03 | computed=10.5767 | source=21.3100 | difference=10.7333 | category=REVIEW_REQUIRED
2026-09-19 13:12:19,314 | WARNING | ROCE anomaly | company=IOC | year=2015-03 | computed=7.9080 | source=21.3100 | difference=13.4020 | category=REVIEW_REQUIRED
2026-09-19 13:12:19,314 | WARNING | ROCE anomaly | company=IOC | year=2016-03 | computed=14.8372 | source=21.3100 | difference=6.4728 | category=REVIEW_REQUIRED
2026-09-19 13:12:19,314 | WARNING | ROCE anomaly | company=IOC | year=2020-03 | computed=7.1287 | source=21.3100 | difference=14.1813 | category=REVIEW_REQUIRED
2026-09-19 13:12:19,314 | WARNING | ROCE anomaly | company=IOC | year=2023-03 | computed=10.6281 | source=21.3100 | difference=10.6819 | category=REVIEW_REQUIRED
2026-09-19 13:12:19,314 | WARNING | ROCE anomaly | company=IRCTC | year=2015-03 | computed=34.2342 | source=53.8000 | difference=19.5658 | category=REVIEW_REQUIRED
2026-09-19 13:12:19,314 | WARNING | ROCE anomaly | company=IRCTC | year=2016-03 | computed=35.0554 | source=53.8000 | difference=18.7446 | category=REVIEW_REQUIRED
2026-09-19 13:12:19,314 | WARNING | ROCE anomaly | company=IRCTC | year=2017-03 | computed=39.8983 | source=53.8000 | difference=13.9017 | category=REVIEW_REQUIRED
2026-09-19 13:12:19,314 | WARNING | ROCE anomaly | company=IRCTC | year=2018-03 | computed=28.6911 | source=53.8000 | difference=25.1089 | category=REVIEW_REQUIRED
2026-09-19 13:12:19,314 | WARNING | ROCE anomaly | company=IRCTC | year=2019-03 | computed=35.7610 | source=53.8000 | difference=18.0390 | category=REVIEW_REQUIRED
2026-09-19 13:12:19,314 | WARNING | ROCE anomaly | company=IRCTC | year=2021-03 | computed=12.2476 | source=53.8000 | difference=41.5524 | category=REVIEW_REQUIRED
2026-09-19 13:12:19,314 | WARNING | ROCE anomaly | company=IRCTC | year=2022-03 | computed=44.2532 | source=53.8000 | difference=9.5468 | category=REVIEW_REQUIRED
2026-09-19 13:12:19,314 | WARNING | ROCE anomaly | company=IRCTC | year=2024-03 | computed=44.5593 | source=53.8000 | difference=9.2407 | category=REVIEW_REQUIRED
2026-09-19 13:12:19,314 | WARNING | ROCE anomaly | company=ITC | year=2013-03 | computed=48.2416 | source=34.7600 | difference=13.4816 | category=REVIEW_REQUIRED
2026-09-19 13:12:19,314 | WARNING | ROCE anomaly | company=ITC | year=2014-03 | computed=47.6000 | source=34.7600 | difference=12.8400 | category=REVIEW_REQUIRED
2026-09-19 13:12:19,314 | WARNING | ROCE anomaly | company=ITC | year=2015-03 | computed=44.5305 | source=34.7600 | difference=9.7705 | category=REVIEW_REQUIRED
2026-09-19 13:12:19,314 | WARNING | ROCE anomaly | company=ITC | year=2020-03 | computed=29.5103 | source=34.7600 | difference=5.2497 | category=REVIEW_REQUIRED
2026-09-19 13:12:19,314 | WARNING | ROCE anomaly | company=ITC | year=2021-03 | computed=28.1517 | source=34.7600 | difference=6.6083 | category=REVIEW_REQUIRED
2026-09-19 13:12:19,314 | WARNING | ROCE anomaly | company=JINDALSTEL | year=2016-03 | computed=4.3378 | source=13.2000 | difference=8.8622 | category=REVIEW_REQUIRED
2026-09-19 13:12:19,314 | WARNING | ROCE anomaly | company=JINDALSTEL | year=2017-03 | computed=6.2041 | source=13.2000 | difference=6.9959 | category=REVIEW_REQUIRED
2026-09-19 13:12:19,314 | WARNING | ROCE anomaly | company=JINDALSTEL | year=2022-03 | computed=31.5814 | source=13.2000 | difference=18.3814 | category=REVIEW_REQUIRED
2026-09-19 13:12:19,314 | WARNING | ROCE anomaly | company=JINDALSTEL | year=2023-03 | computed=19.2109 | source=13.2000 | difference=6.0109 | category=REVIEW_REQUIRED
2026-09-19 13:12:19,314 | WARNING | ROCE anomaly | company=JSWENERGY | year=2013-03 | computed=16.8928 | source=8.5900 | difference=8.3028 | category=REVIEW_REQUIRED
2026-09-19 13:12:19,314 | WARNING | ROCE anomaly | company=JSWENERGY | year=2014-03 | computed=19.5179 | source=8.5900 | difference=10.9279 | category=REVIEW_REQUIRED
2026-09-19 13:12:19,314 | WARNING | ROCE anomaly | company=JSWENERGY | year=2015-03 | computed=21.5560 | source=8.5900 | difference=12.9660 | category=REVIEW_REQUIRED
2026-09-19 13:12:19,314 | WARNING | ROCE anomaly | company=JSWENERGY | year=2016-03 | computed=16.4007 | source=8.5900 | difference=7.8107 | category=REVIEW_REQUIRED
2026-09-19 13:12:19,314 | WARNING | ROCE anomaly | company=JSWENERGY | year=2020-03 | computed=13.7624 | source=8.5900 | difference=5.1724 | category=REVIEW_REQUIRED
2026-09-19 13:12:19,314 | WARNING | ROCE anomaly | company=JSWSTEEL | year=2017-03 | computed=18.6539 | source=13.3600 | difference=5.2939 | category=REVIEW_REQUIRED
2026-09-19 13:12:19,314 | WARNING | ROCE anomaly | company=JSWSTEEL | year=2018-03 | computed=22.1335 | source=13.3600 | difference=8.7735 | category=REVIEW_REQUIRED
2026-09-19 13:12:19,314 | WARNING | ROCE anomaly | company=JSWSTEEL | year=2019-03 | computed=23.0317 | source=13.3600 | difference=9.6717 | category=REVIEW_REQUIRED
2026-09-19 13:12:19,314 | WARNING | ROCE anomaly | company=JSWSTEEL | year=2021-03 | computed=18.4855 | source=13.3600 | difference=5.1255 | category=REVIEW_REQUIRED
2026-09-19 13:12:19,314 | WARNING | ROCE anomaly | company=JSWSTEEL | year=2022-03 | computed=28.0319 | source=13.3600 | difference=14.6719 | category=REVIEW_REQUIRED
2026-09-19 13:12:19,314 | WARNING | ROCE anomaly | company=LICI | year=2019-03 | computed=2.1909 | source=63.7900 | difference=61.5991 | category=REVIEW_REQUIRED
2026-09-19 13:12:19,314 | WARNING | ROCE anomaly | company=LICI | year=2020-03 | computed=-2.7306 | source=63.7900 | difference=66.5206 | category=REVIEW_REQUIRED
2026-09-19 13:12:19,314 | WARNING | ROCE anomaly | company=LICI | year=2021-03 | computed=-3.6585 | source=63.7900 | difference=67.4485 | category=REVIEW_REQUIRED
2026-09-19 13:12:19,314 | WARNING | ROCE anomaly | company=LICI | year=2022-03 | computed=29.3324 | source=63.7900 | difference=34.4576 | category=REVIEW_REQUIRED
2026-09-19 13:12:19,314 | WARNING | ROCE anomaly | company=LICI | year=2023-03 | computed=73.9883 | source=63.7900 | difference=10.1983 | category=REVIEW_REQUIRED
2026-09-19 13:12:19,314 | WARNING | ROCE anomaly | company=LICI | year=2024-03 | computed=39.6135 | source=63.7900 | difference=24.1765 | category=REVIEW_REQUIRED
2026-09-19 13:12:19,315 | WARNING | ROCE anomaly | company=LODHA | year=2018-03 | computed=6.0573 | source=11.1000 | difference=5.0427 | category=REVIEW_REQUIRED
2026-09-19 13:12:19,315 | WARNING | ROCE anomaly | company=LODHA | year=2021-03 | computed=6.0679 | source=11.1000 | difference=5.0321 | category=REVIEW_REQUIRED
2026-09-19 13:12:19,315 | WARNING | ROCE anomaly | company=LT | year=2013-03 | computed=724.3484 | source=17.1800 | difference=707.1684 | category=REVIEW_REQUIRED
2026-09-19 13:12:19,315 | WARNING | ROCE anomaly | company=LT | year=2014-03 | computed=818.9535 | source=17.1800 | difference=801.7735 | category=REVIEW_REQUIRED
2026-09-19 13:12:19,315 | WARNING | ROCE anomaly | company=LT | year=2015-03 | computed=698.9305 | source=17.1800 | difference=681.7505 | category=REVIEW_REQUIRED
2026-09-19 13:12:19,315 | WARNING | ROCE anomaly | company=LT | year=2016-03 | computed=710.3670 | source=17.1800 | difference=693.1870 | category=REVIEW_REQUIRED
2026-09-19 13:12:19,315 | WARNING | ROCE anomaly | company=LT | year=2017-03 | computed=528.6260 | source=17.1800 | difference=511.4460 | category=REVIEW_REQUIRED
2026-09-19 13:12:19,315 | WARNING | ROCE anomaly | company=LT | year=2018-03 | computed=521.0104 | source=17.1800 | difference=503.8304 | category=REVIEW_REQUIRED
2026-09-19 13:12:19,315 | WARNING | ROCE anomaly | company=LT | year=2019-03 | computed=467.3207 | source=17.1800 | difference=450.1407 | category=REVIEW_REQUIRED
2026-09-19 13:12:19,315 | WARNING | ROCE anomaly | company=LT | year=2020-03 | computed=388.7429 | source=17.1800 | difference=371.5629 | category=REVIEW_REQUIRED
2026-09-19 13:12:19,315 | WARNING | ROCE anomaly | company=LT | year=2021-03 | computed=289.5581 | source=17.1800 | difference=272.3781 | category=REVIEW_REQUIRED
2026-09-19 13:12:19,315 | WARNING | ROCE anomaly | company=LT | year=2022-03 | computed=167.1525 | source=17.1800 | difference=149.9725 | category=REVIEW_REQUIRED
2026-09-19 13:12:19,315 | WARNING | ROCE anomaly | company=LT | year=2023-03 | computed=149.8153 | source=17.1800 | difference=132.6353 | category=REVIEW_REQUIRED
2026-09-19 13:12:19,315 | WARNING | ROCE anomaly | company=LT | year=2024-03 | computed=135.2030 | source=17.1800 | difference=118.0230 | category=REVIEW_REQUIRED
2026-09-19 13:12:19,315 | WARNING | ROCE anomaly | company=LTIM | year=2013-03 | computed=55.3083 | source=34.1000 | difference=21.2083 | category=REVIEW_REQUIRED
2026-09-19 13:12:19,315 | WARNING | ROCE anomaly | company=LTIM | year=2014-03 | computed=66.6860 | source=34.1000 | difference=32.5860 | category=REVIEW_REQUIRED
2026-09-19 13:12:19,315 | WARNING | ROCE anomaly | company=LTIM | year=2015-03 | computed=44.7861 | source=34.1000 | difference=10.6861 | category=REVIEW_REQUIRED
2026-09-19 13:12:19,316 | WARNING | ROCE anomaly | company=LTIM | year=2016-03 | computed=47.1560 | source=34.1000 | difference=13.0560 | category=REVIEW_REQUIRED
2026-09-19 13:12:19,316 | WARNING | ROCE anomaly | company=LTIM | year=2017-03 | computed=39.1221 | source=34.1000 | difference=5.0221 | category=REVIEW_REQUIRED
2026-09-19 13:12:19,316 | WARNING | ROCE anomaly | company=LTIM | year=2024-03 | computed=28.9148 | source=34.1000 | difference=5.1852 | category=REVIEW_REQUIRED
2026-09-19 13:12:19,316 | WARNING | ROCE anomaly | company=M&M | year=2013-03 | computed=18.7295 | source=26.9800 | difference=8.2505 | category=REVIEW_REQUIRED
2026-09-19 13:12:19,316 | WARNING | ROCE anomaly | company=M&M | year=2014-03 | computed=17.3923 | source=26.9800 | difference=9.5877 | category=REVIEW_REQUIRED
2026-09-19 13:12:19,316 | WARNING | ROCE anomaly | company=M&M | year=2015-03 | computed=13.7890 | source=26.9800 | difference=13.1910 | category=REVIEW_REQUIRED
2026-09-19 13:12:19,316 | WARNING | ROCE anomaly | company=M&M | year=2016-03 | computed=14.8167 | source=26.9800 | difference=12.1633 | category=REVIEW_REQUIRED
2026-09-19 13:12:19,316 | WARNING | ROCE anomaly | company=M&M | year=2017-03 | computed=13.6682 | source=26.9800 | difference=13.3118 | category=REVIEW_REQUIRED
2026-09-19 13:12:19,316 | WARNING | ROCE anomaly | company=M&M | year=2018-03 | computed=14.2717 | source=26.9800 | difference=12.7083 | category=REVIEW_REQUIRED
2026-09-19 13:12:19,316 | WARNING | ROCE anomaly | company=M&M | year=2019-03 | computed=13.7209 | source=26.9800 | difference=13.2591 | category=REVIEW_REQUIRED
2026-09-19 13:12:19,316 | WARNING | ROCE anomaly | company=M&M | year=2020-03 | computed=8.3221 | source=26.9800 | difference=18.6579 | category=REVIEW_REQUIRED
2026-09-19 13:12:19,316 | WARNING | ROCE anomaly | company=M&M | year=2021-03 | computed=9.3996 | source=26.9800 | difference=17.5804 | category=REVIEW_REQUIRED
2026-09-19 13:12:19,316 | WARNING | ROCE anomaly | company=M&M | year=2022-03 | computed=11.7720 | source=26.9800 | difference=15.2080 | category=REVIEW_REQUIRED
2026-09-19 13:12:19,316 | WARNING | ROCE anomaly | company=M&M | year=2023-03 | computed=13.6495 | source=26.9800 | difference=13.3305 | category=REVIEW_REQUIRED
2026-09-19 13:12:19,316 | WARNING | ROCE anomaly | company=M&M | year=2024-03 | computed=14.2373 | source=26.9800 | difference=12.7427 | category=REVIEW_REQUIRED
2026-09-19 13:12:19,316 | WARNING | ROCE anomaly | company=MARUTI | year=2016-03 | computed=29.2541 | source=23.6700 | difference=5.5841 | category=REVIEW_REQUIRED
2026-09-19 13:12:19,316 | WARNING | ROCE anomaly | company=MARUTI | year=2020-03 | computed=14.8295 | source=23.6700 | difference=8.8405 | category=REVIEW_REQUIRED
2026-09-19 13:12:19,316 | WARNING | ROCE anomaly | company=MARUTI | year=2021-03 | computed=10.2013 | source=23.6700 | difference=13.4687 | category=REVIEW_REQUIRED
2026-09-19 13:12:19,316 | WARNING | ROCE anomaly | company=MARUTI | year=2022-03 | computed=10.3158 | source=23.6700 | difference=13.3542 | category=REVIEW_REQUIRED
2026-09-19 13:12:19,316 | WARNING | ROCE anomaly | company=MARUTI | year=2023-03 | computed=17.3004 | source=23.6700 | difference=6.3696 | category=REVIEW_REQUIRED
2026-09-19 13:12:19,316 | WARNING | ROCE anomaly | company=MOTHERSON | year=2013-03 | computed=20.5756 | source=13.7000 | difference=6.8756 | category=REVIEW_REQUIRED
2026-09-19 13:12:19,316 | WARNING | ROCE anomaly | company=MOTHERSON | year=2014-03 | computed=30.7347 | source=13.7000 | difference=17.0347 | category=REVIEW_REQUIRED
2026-09-19 13:12:19,316 | WARNING | ROCE anomaly | company=MOTHERSON | year=2015-03 | computed=33.6369 | source=13.7000 | difference=19.9369 | category=REVIEW_REQUIRED
2026-09-19 13:12:19,316 | WARNING | ROCE anomaly | company=MOTHERSON | year=2016-03 | computed=33.9002 | source=13.7000 | difference=20.2002 | category=REVIEW_REQUIRED
2026-09-19 13:12:19,316 | WARNING | ROCE anomaly | company=MOTHERSON | year=2017-03 | computed=22.3994 | source=13.7000 | difference=8.6994 | category=REVIEW_REQUIRED
2026-09-19 13:12:19,316 | WARNING | ROCE anomaly | company=MOTHERSON | year=2018-03 | computed=25.3135 | source=13.7000 | difference=11.6135 | category=REVIEW_REQUIRED
2026-09-19 13:12:19,316 | WARNING | ROCE anomaly | company=MOTHERSON | year=2019-03 | computed=23.7721 | source=13.7000 | difference=10.0721 | category=REVIEW_REQUIRED
2026-09-19 13:12:19,316 | WARNING | ROCE anomaly | company=MOTHERSON | year=2020-03 | computed=19.0761 | source=13.7000 | difference=5.3761 | category=REVIEW_REQUIRED
2026-09-19 13:12:19,316 | WARNING | ROCE anomaly | company=MOTHERSON | year=2024-03 | computed=20.2314 | source=13.7000 | difference=6.5314 | category=REVIEW_REQUIRED
2026-09-19 13:12:19,316 | WARNING | ROCE anomaly | company=NAUKRI | year=2013-03 | computed=19.8686 | source=3.6500 | difference=16.2186 | category=REVIEW_REQUIRED
2026-09-19 13:12:19,317 | WARNING | ROCE anomaly | company=NAUKRI | year=2014-03 | computed=14.4131 | source=3.6500 | difference=10.7631 | category=REVIEW_REQUIRED
2026-09-19 13:12:19,317 | WARNING | ROCE anomaly | company=NAUKRI | year=2018-03 | computed=10.7038 | source=3.6500 | difference=7.0538 | category=REVIEW_REQUIRED
2026-09-19 13:12:19,317 | WARNING | ROCE anomaly | company=NAUKRI | year=2020-03 | computed=-15.4049 | source=3.6500 | difference=19.0549 | category=REVIEW_REQUIRED
2026-09-19 13:12:19,317 | WARNING | ROCE anomaly | company=NESTLEIND | year=2013-12 | computed=54.7653 | source=185.4300 | difference=130.6647 | category=REVIEW_REQUIRED
2026-09-19 13:12:19,317 | WARNING | ROCE anomaly | company=NESTLEIND | year=2014-12 | computed=71.3686 | source=185.4300 | difference=114.0614 | category=REVIEW_REQUIRED
2026-09-19 13:12:19,317 | WARNING | ROCE anomaly | company=NESTLEIND | year=2015-12 | computed=54.8501 | source=185.4300 | difference=130.5799 | category=REVIEW_REQUIRED
2026-09-19 13:12:19,317 | WARNING | ROCE anomaly | company=NESTLEIND | year=2016-12 | computed=55.8069 | source=185.4300 | difference=129.6231 | category=REVIEW_REQUIRED
2026-09-19 13:12:19,317 | WARNING | ROCE anomaly | company=NESTLEIND | year=2017-12 | computed=60.6946 | source=185.4300 | difference=124.7354 | category=REVIEW_REQUIRED
2026-09-19 13:12:19,317 | WARNING | ROCE anomaly | company=NESTLEIND | year=2018-12 | computed=70.6041 | source=185.4300 | difference=114.8259 | category=REVIEW_REQUIRED
2026-09-19 13:12:19,317 | WARNING | ROCE anomaly | company=NESTLEIND | year=2019-12 | computed=138.8704 | source=185.4300 | difference=46.5596 | category=REVIEW_REQUIRED
2026-09-19 13:12:19,317 | WARNING | ROCE anomaly | company=NESTLEIND | year=2020-12 | computed=147.8301 | source=185.4300 | difference=37.5999 | category=REVIEW_REQUIRED
2026-09-19 13:12:19,317 | WARNING | ROCE anomaly | company=NESTLEIND | year=2021-12 | computed=161.0307 | source=185.4300 | difference=24.3993 | category=REVIEW_REQUIRED
2026-09-19 13:12:19,317 | WARNING | ROCE anomaly | company=NESTLEIND | year=2022-12 | computed=135.7509 | source=185.4300 | difference=49.6791 | category=REVIEW_REQUIRED
2026-09-19 13:12:19,317 | WARNING | ROCE anomaly | company=NESTLEIND | year=2023-12 | computed=163.7729 | source=185.4300 | difference=21.6571 | category=REVIEW_REQUIRED
2026-09-19 13:12:19,317 | WARNING | ROCE anomaly | company=NESTLEIND | year=2024-03 | computed=157.7476 | source=185.4300 | difference=27.6824 | category=REVIEW_REQUIRED
2026-09-19 13:12:19,317 | WARNING | ROCE anomaly | company=ONGC | year=2013-03 | computed=25.1140 | source=19.7100 | difference=5.4040 | category=REVIEW_REQUIRED
2026-09-19 13:12:19,317 | WARNING | ROCE anomaly | company=ONGC | year=2021-03 | computed=13.9688 | source=19.7100 | difference=5.7412 | category=REVIEW_REQUIRED
2026-09-19 13:12:19,317 | WARNING | ROCE anomaly | company=PFC | year=2013-03 | computed=3.6696 | source=9.9600 | difference=6.2904 | category=REVIEW_REQUIRED
2026-09-19 13:12:19,317 | WARNING | ROCE anomaly | company=PFC | year=2014-03 | computed=4.0736 | source=9.9600 | difference=5.8864 | category=REVIEW_REQUIRED
2026-09-19 13:12:19,317 | WARNING | ROCE anomaly | company=PFC | year=2015-03 | computed=3.8278 | source=9.9600 | difference=6.1322 | category=REVIEW_REQUIRED
2026-09-19 13:12:19,317 | WARNING | ROCE anomaly | company=PFC | year=2016-03 | computed=3.8709 | source=9.9600 | difference=6.0891 | category=REVIEW_REQUIRED
2026-09-19 13:12:19,317 | WARNING | ROCE anomaly | company=PFC | year=2017-03 | computed=2.1994 | source=9.9600 | difference=7.7606 | category=REVIEW_REQUIRED
2026-09-19 13:12:19,317 | WARNING | ROCE anomaly | company=PFC | year=2018-03 | computed=2.4433 | source=9.9600 | difference=7.5167 | category=REVIEW_REQUIRED
2026-09-19 13:12:19,317 | WARNING | ROCE anomaly | company=PFC | year=2019-03 | computed=3.0315 | source=9.9600 | difference=6.9285 | category=REVIEW_REQUIRED
2026-09-19 13:12:19,317 | WARNING | ROCE anomaly | company=PFC | year=2020-03 | computed=2.1692 | source=9.9600 | difference=7.7908 | category=REVIEW_REQUIRED
2026-09-19 13:12:19,317 | WARNING | ROCE anomaly | company=PFC | year=2021-03 | computed=2.7581 | source=9.9600 | difference=7.2019 | category=REVIEW_REQUIRED
2026-09-19 13:12:19,317 | WARNING | ROCE anomaly | company=PFC | year=2022-03 | computed=3.1876 | source=9.9600 | difference=6.7724 | category=REVIEW_REQUIRED
2026-09-19 13:12:19,318 | WARNING | ROCE anomaly | company=PFC | year=2023-03 | computed=3.1726 | source=9.9600 | difference=6.7874 | category=REVIEW_REQUIRED
2026-09-19 13:12:19,318 | WARNING | ROCE anomaly | company=PFC | year=2024-03 | computed=3.4859 | source=9.9600 | difference=6.4741 | category=REVIEW_REQUIRED
2026-09-19 13:12:19,318 | WARNING | ROCE anomaly | company=PIDILITIND | year=2016-03 | computed=43.1567 | source=29.7000 | difference=13.4567 | category=REVIEW_REQUIRED
2026-09-19 13:12:19,318 | WARNING | ROCE anomaly | company=PIDILITIND | year=2017-03 | computed=35.3600 | source=29.7000 | difference=5.6600 | category=REVIEW_REQUIRED
2026-09-19 13:12:19,318 | WARNING | ROCE anomaly | company=PIDILITIND | year=2018-03 | computed=36.2530 | source=29.7000 | difference=6.5530 | category=REVIEW_REQUIRED
2026-09-19 13:12:19,318 | WARNING | ROCE anomaly | company=POWERGRID | year=2023-03 | computed=18.7023 | source=13.2000 | difference=5.5023 | category=REVIEW_REQUIRED
2026-09-19 13:12:19,318 | WARNING | ROCE anomaly | company=POWERGRID | year=2024-03 | computed=18.9052 | source=13.2000 | difference=5.7052 | category=REVIEW_REQUIRED
2026-09-19 13:12:19,318 | WARNING | ROCE anomaly | company=SBILIFE | year=2015-03 | computed=19.5759 | source=13.2000 | difference=6.3759 | category=REVIEW_REQUIRED
2026-09-19 13:12:19,318 | WARNING | ROCE anomaly | company=SBILIFE | year=2016-03 | computed=19.4380 | source=13.2000 | difference=6.2380 | category=REVIEW_REQUIRED
2026-09-19 13:12:19,318 | WARNING | ROCE anomaly | company=SBILIFE | year=2017-03 | computed=19.2363 | source=13.2000 | difference=6.0363 | category=REVIEW_REQUIRED
2026-09-19 13:12:19,318 | WARNING | ROCE anomaly | company=SBILIFE | year=2018-03 | computed=20.4044 | source=13.2000 | difference=7.2044 | category=REVIEW_REQUIRED
2026-09-19 13:12:19,318 | WARNING | ROCE anomaly | company=SBILIFE | year=2019-03 | computed=19.4562 | source=13.2000 | difference=6.2562 | category=REVIEW_REQUIRED
2026-09-19 13:12:19,318 | WARNING | ROCE anomaly | company=SBILIFE | year=2022-03 | computed=6.2812 | source=13.2000 | difference=6.9188 | category=REVIEW_REQUIRED
2026-09-19 13:12:19,318 | WARNING | ROCE anomaly | company=SBILIFE | year=2023-03 | computed=0.9372 | source=13.2000 | difference=12.2628 | category=REVIEW_REQUIRED
2026-09-19 13:12:19,318 | WARNING | ROCE anomaly | company=SBILIFE | year=2024-03 | computed=1.6501 | source=13.2000 | difference=11.5499 | category=REVIEW_REQUIRED
2026-09-19 13:12:19,318 | WARNING | ROCE anomaly | company=SHREECEM | year=2013-06 | computed=30.4170 | source=14.8000 | difference=15.6170 | category=REVIEW_REQUIRED
2026-09-19 13:12:19,318 | WARNING | ROCE anomaly | company=SHREECEM | year=2014-06 | computed=23.5155 | source=14.8000 | difference=8.7155 | category=REVIEW_REQUIRED
2026-09-19 13:12:19,318 | WARNING | ROCE anomaly | company=SHREECEM | year=2015-06 | computed=21.7019 | source=14.8000 | difference=6.9019 | category=REVIEW_REQUIRED
2026-09-19 13:12:19,318 | WARNING | ROCE anomaly | company=SHREECEM | year=2017-03 | computed=27.9502 | source=14.8000 | difference=13.1502 | category=REVIEW_REQUIRED
2026-09-19 13:12:19,318 | WARNING | ROCE anomaly | company=SHREECEM | year=2018-03 | computed=20.1057 | source=14.8000 | difference=5.3057 | category=REVIEW_REQUIRED
2026-09-19 13:12:19,318 | WARNING | ROCE anomaly | company=SHREECEM | year=2019-03 | computed=22.4226 | source=14.8000 | difference=7.6226 | category=REVIEW_REQUIRED
2026-09-19 13:12:19,318 | WARNING | ROCE anomaly | company=SHREECEM | year=2020-03 | computed=23.1137 | source=14.8000 | difference=8.3137 | category=REVIEW_REQUIRED
2026-09-19 13:12:19,318 | WARNING | ROCE anomaly | company=SHREECEM | year=2021-03 | computed=23.2087 | source=14.8000 | difference=8.4087 | category=REVIEW_REQUIRED
2026-09-19 13:12:19,318 | WARNING | ROCE anomaly | company=SHREECEM | year=2024-03 | computed=20.2066 | source=14.8000 | difference=5.4066 | category=REVIEW_REQUIRED
2026-09-19 13:12:19,318 | WARNING | ROCE anomaly | company=SHRIRAMFIN | year=2013-03 | computed=5.3507 | source=11.3000 | difference=5.9493 | category=REVIEW_REQUIRED
2026-09-19 13:12:19,319 | WARNING | ROCE anomaly | company=SHRIRAMFIN | year=2014-03 | computed=4.2406 | source=11.3000 | difference=7.0594 | category=REVIEW_REQUIRED
2026-09-19 13:12:19,319 | WARNING | ROCE anomaly | company=SHRIRAMFIN | year=2015-03 | computed=3.0217 | source=11.3000 | difference=8.2783 | category=REVIEW_REQUIRED
2026-09-19 13:12:19,319 | WARNING | ROCE anomaly | company=SHRIRAMFIN | year=2016-03 | computed=3.0417 | source=11.3000 | difference=8.2583 | category=REVIEW_REQUIRED
2026-09-19 13:12:19,319 | WARNING | ROCE anomaly | company=SHRIRAMFIN | year=2017-03 | computed=3.0615 | source=11.3000 | difference=8.2385 | category=REVIEW_REQUIRED
2026-09-19 13:12:19,319 | WARNING | ROCE anomaly | company=SHRIRAMFIN | year=2018-03 | computed=3.9709 | source=11.3000 | difference=7.3291 | category=REVIEW_REQUIRED
2026-09-19 13:12:19,319 | WARNING | ROCE anomaly | company=SHRIRAMFIN | year=2019-03 | computed=3.6591 | source=11.3000 | difference=7.6409 | category=REVIEW_REQUIRED
2026-09-19 13:12:19,319 | WARNING | ROCE anomaly | company=SHRIRAMFIN | year=2020-03 | computed=3.1583 | source=11.3000 | difference=8.1417 | category=REVIEW_REQUIRED
2026-09-19 13:12:19,319 | WARNING | ROCE anomaly | company=SHRIRAMFIN | year=2021-03 | computed=2.6524 | source=11.3000 | difference=8.6476 | category=REVIEW_REQUIRED
2026-09-19 13:12:19,319 | WARNING | ROCE anomaly | company=SHRIRAMFIN | year=2022-03 | computed=2.6011 | source=11.3000 | difference=8.6989 | category=REVIEW_REQUIRED
2026-09-19 13:12:19,319 | WARNING | ROCE anomaly | company=SHRIRAMFIN | year=2023-03 | computed=4.2361 | source=11.3000 | difference=7.0639 | category=REVIEW_REQUIRED
2026-09-19 13:12:19,319 | WARNING | ROCE anomaly | company=SHRIRAMFIN | year=2024-03 | computed=4.3049 | source=11.3000 | difference=6.9951 | category=REVIEW_REQUIRED
2026-09-19 13:12:19,319 | WARNING | ROCE anomaly | company=SIEMENS | year=2011-09 | computed=30.6866 | source=25.6000 | difference=5.0866 | category=REVIEW_REQUIRED
2026-09-19 13:12:19,319 | WARNING | ROCE anomaly | company=SIEMENS | year=2014-09 | computed=2.7200 | source=25.6000 | difference=22.8800 | category=REVIEW_REQUIRED
2026-09-19 13:12:19,319 | WARNING | ROCE anomaly | company=SIEMENS | year=2015-09 | computed=19.4088 | source=25.6000 | difference=6.1912 | category=REVIEW_REQUIRED
2026-09-19 13:12:19,319 | WARNING | ROCE anomaly | company=SIEMENS | year=2016-09 | computed=14.9531 | source=25.6000 | difference=10.6469 | category=REVIEW_REQUIRED
2026-09-19 13:12:19,319 | WARNING | ROCE anomaly | company=SIEMENS | year=2017-09 | computed=13.7321 | source=25.6000 | difference=11.8679 | category=REVIEW_REQUIRED
2026-09-19 13:12:19,319 | WARNING | ROCE anomaly | company=SIEMENS | year=2018-09 | computed=15.9899 | source=25.6000 | difference=9.6101 | category=REVIEW_REQUIRED
2026-09-19 13:12:19,319 | WARNING | ROCE anomaly | company=SIEMENS | year=2019-09 | computed=16.4659 | source=25.6000 | difference=9.1341 | category=REVIEW_REQUIRED
2026-09-19 13:12:19,319 | WARNING | ROCE anomaly | company=SIEMENS | year=2020-09 | computed=10.5668 | source=25.6000 | difference=15.0332 | category=REVIEW_REQUIRED
2026-09-19 13:12:19,319 | WARNING | ROCE anomaly | company=SIEMENS | year=2021-09 | computed=14.0276 | source=25.6000 | difference=11.5724 | category=REVIEW_REQUIRED
2026-09-19 13:12:19,319 | WARNING | ROCE anomaly | company=SIEMENS | year=2022-09 | computed=15.7734 | source=25.6000 | difference=9.8266 | category=REVIEW_REQUIRED
2026-09-19 13:12:19,320 | WARNING | ROCE anomaly | company=SIEMENS | year=2023-09 | computed=18.7528 | source=25.6000 | difference=6.8472 | category=REVIEW_REQUIRED
2026-09-19 13:12:19,320 | WARNING | ROCE anomaly | company=SIEMENS | year=2024-09 | computed=19.8516 | source=25.6000 | difference=5.7484 | category=REVIEW_REQUIRED
2026-09-19 13:12:19,320 | WARNING | ROCE anomaly | company=SUNPHARMA | year=2013-03 | computed=31.3705 | source=17.3000 | difference=14.0705 | category=REVIEW_REQUIRED
2026-09-19 13:12:19,320 | WARNING | ROCE anomaly | company=SUNPHARMA | year=2014-03 | computed=33.2116 | source=17.3000 | difference=15.9116 | category=REVIEW_REQUIRED
2026-09-19 13:12:19,320 | WARNING | ROCE anomaly | company=SUNPHARMA | year=2015-03 | computed=22.7926 | source=17.3000 | difference=5.4926 | category=REVIEW_REQUIRED
2026-09-19 13:12:19,320 | WARNING | ROCE anomaly | company=SUNPHARMA | year=2018-03 | computed=11.5629 | source=17.3000 | difference=5.7371 | category=REVIEW_REQUIRED
2026-09-19 13:12:19,320 | WARNING | ROCE anomaly | company=SUNPHARMA | year=2019-03 | computed=12.2816 | source=17.3000 | difference=5.0184 | category=REVIEW_REQUIRED
2026-09-19 13:12:19,320 | WARNING | ROCE anomaly | company=TATACONSUM | year=2016-03 | computed=4.8152 | source=10.6000 | difference=5.7848 | category=REVIEW_REQUIRED
2026-09-19 13:12:19,320 | WARNING | ROCE anomaly | company=TATAMOTORS | year=2013-03 | computed=26.9241 | source=20.1000 | difference=6.8241 | category=REVIEW_REQUIRED
2026-09-19 13:12:19,320 | WARNING | ROCE anomaly | company=TATAMOTORS | year=2014-03 | computed=27.6072 | source=20.1000 | difference=7.5072 | category=REVIEW_REQUIRED
2026-09-19 13:12:19,320 | WARNING | ROCE anomaly | company=TATAMOTORS | year=2015-03 | computed=30.2136 | source=20.1000 | difference=10.1136 | category=REVIEW_REQUIRED
2026-09-19 13:12:19,320 | WARNING | ROCE anomaly | company=TATAMOTORS | year=2016-03 | computed=25.8880 | source=20.1000 | difference=5.7880 | category=REVIEW_REQUIRED
2026-09-19 13:12:19,320 | WARNING | ROCE anomaly | company=TATAMOTORS | year=2019-03 | computed=14.8262 | source=20.1000 | difference=5.2738 | category=REVIEW_REQUIRED
2026-09-19 13:12:19,320 | WARNING | ROCE anomaly | company=TATAMOTORS | year=2020-03 | computed=9.5743 | source=20.1000 | difference=10.5257 | category=REVIEW_REQUIRED
2026-09-19 13:12:19,320 | WARNING | ROCE anomaly | company=TATAMOTORS | year=2022-03 | computed=12.9417 | source=20.1000 | difference=7.1583 | category=REVIEW_REQUIRED
2026-09-19 13:12:19,320 | WARNING | ROCE anomaly | company=TATAMOTORS | year=2024-03 | computed=30.9803 | source=20.1000 | difference=10.8803 | category=REVIEW_REQUIRED
2026-09-19 13:12:19,320 | WARNING | ROCE anomaly | company=TATAPOWER | year=2016-03 | computed=4.1698 | source=11.1000 | difference=6.9302 | category=REVIEW_REQUIRED
2026-09-19 13:12:19,320 | WARNING | ROCE anomaly | company=TATAPOWER | year=2018-03 | computed=3.5314 | source=11.1000 | difference=7.5686 | category=REVIEW_REQUIRED
2026-09-19 13:12:19,320 | WARNING | ROCE anomaly | company=TATAPOWER | year=2019-03 | computed=4.5951 | source=11.1000 | difference=6.5049 | category=REVIEW_REQUIRED
2026-09-19 13:12:19,320 | WARNING | ROCE anomaly | company=TATASTEEL | year=2014-03 | computed=13.2481 | source=7.0200 | difference=6.2281 | category=REVIEW_REQUIRED
2026-09-19 13:12:19,320 | WARNING | ROCE anomaly | company=TATASTEEL | year=2016-03 | computed=-0.4971 | source=7.0200 | difference=7.5171 | category=REVIEW_REQUIRED
2026-09-19 13:12:19,320 | WARNING | ROCE anomaly | company=TATASTEEL | year=2018-03 | computed=14.0068 | source=7.0200 | difference=6.9868 | category=REVIEW_REQUIRED
2026-09-19 13:12:19,320 | WARNING | ROCE anomaly | company=TATASTEEL | year=2019-03 | computed=17.2722 | source=7.0200 | difference=10.2522 | category=REVIEW_REQUIRED
2026-09-19 13:12:19,320 | WARNING | ROCE anomaly | company=TATASTEEL | year=2021-03 | computed=18.7440 | source=7.0200 | difference=11.7240 | category=REVIEW_REQUIRED
2026-09-19 13:12:19,320 | WARNING | ROCE anomaly | company=TATASTEEL | year=2022-03 | computed=33.4151 | source=7.0200 | difference=26.3951 | category=REVIEW_REQUIRED
2026-09-19 13:12:19,320 | WARNING | ROCE anomaly | company=TATASTEEL | year=2023-03 | computed=17.1831 | source=7.0200 | difference=10.1631 | category=REVIEW_REQUIRED
2026-09-19 13:12:19,320 | WARNING | ROCE anomaly | company=TATASTEEL | year=2024-03 | computed=12.4209 | source=7.0200 | difference=5.4009 | category=REVIEW_REQUIRED
2026-09-19 13:12:19,320 | WARNING | ROCE anomaly | company=TCS | year=2013-03 | computed=46.4016 | source=64.3000 | difference=17.8984 | category=REVIEW_REQUIRED
2026-09-19 13:12:19,320 | WARNING | ROCE anomaly | company=TCS | year=2014-03 | computed=50.8224 | source=64.3000 | difference=13.4776 | category=REVIEW_REQUIRED
2026-09-19 13:12:19,320 | WARNING | ROCE anomaly | company=TCS | year=2015-03 | computed=48.0105 | source=64.3000 | difference=16.2895 | category=REVIEW_REQUIRED
2026-09-19 13:12:19,320 | WARNING | ROCE anomaly | company=TCS | year=2016-03 | computed=43.0150 | source=64.3000 | difference=21.2850 | category=REVIEW_REQUIRED
2026-09-19 13:12:19,320 | WARNING | ROCE anomaly | company=TCS | year=2017-03 | computed=37.3525 | source=64.3000 | difference=26.9475 | category=REVIEW_REQUIRED
2026-09-19 13:12:19,320 | WARNING | ROCE anomaly | company=TCS | year=2018-03 | computed=38.0861 | source=64.3000 | difference=26.2139 | category=REVIEW_REQUIRED
2026-09-19 13:12:19,320 | WARNING | ROCE anomaly | company=TCS | year=2019-03 | computed=44.1368 | source=64.3000 | difference=20.1632 | category=REVIEW_REQUIRED
2026-09-19 13:12:19,320 | WARNING | ROCE anomaly | company=TCS | year=2020-03 | computed=45.6219 | source=64.3000 | difference=18.6781 | category=REVIEW_REQUIRED
2026-09-19 13:12:19,320 | WARNING | ROCE anomaly | company=TCS | year=2021-03 | computed=49.3972 | source=64.3000 | difference=14.9028 | category=REVIEW_REQUIRED
2026-09-19 13:12:19,321 | WARNING | ROCE anomaly | company=TCS | year=2022-03 | computed=54.7222 | source=64.3000 | difference=9.5778 | category=REVIEW_REQUIRED
2026-09-19 13:12:19,321 | WARNING | ROCE anomaly | company=TECHM | year=2013-03 | computed=20.8933 | source=11.9000 | difference=8.9933 | category=REVIEW_REQUIRED
2026-09-19 13:12:19,321 | WARNING | ROCE anomaly | company=TECHM | year=2014-03 | computed=43.7087 | source=11.9000 | difference=31.8087 | category=REVIEW_REQUIRED
2026-09-19 13:12:19,321 | WARNING | ROCE anomaly | company=TECHM | year=2015-03 | computed=32.3834 | source=11.9000 | difference=20.4834 | category=REVIEW_REQUIRED
2026-09-19 13:12:19,321 | WARNING | ROCE anomaly | company=TECHM | year=2016-03 | computed=27.1649 | source=11.9000 | difference=15.2649 | category=REVIEW_REQUIRED
2026-09-19 13:12:19,321 | WARNING | ROCE anomaly | company=TECHM | year=2017-03 | computed=23.5017 | source=11.9000 | difference=11.6017 | category=REVIEW_REQUIRED
2026-09-19 13:12:19,321 | WARNING | ROCE anomaly | company=TECHM | year=2018-03 | computed=22.1751 | source=11.9000 | difference=10.2751 | category=REVIEW_REQUIRED
2026-09-19 13:12:19,321 | WARNING | ROCE anomaly | company=TECHM | year=2019-03 | computed=28.1451 | source=11.9000 | difference=16.2451 | category=REVIEW_REQUIRED
2026-09-19 13:12:19,321 | WARNING | ROCE anomaly | company=TECHM | year=2020-03 | computed=21.5948 | source=11.9000 | difference=9.6948 | category=REVIEW_REQUIRED
2026-09-19 13:12:19,321 | WARNING | ROCE anomaly | company=TECHM | year=2021-03 | computed=24.4760 | source=11.9000 | difference=12.5760 | category=REVIEW_REQUIRED
2026-09-19 13:12:19,321 | WARNING | ROCE anomaly | company=TECHM | year=2022-03 | computed=27.1828 | source=11.9000 | difference=15.2828 | category=REVIEW_REQUIRED
2026-09-19 13:12:19,321 | WARNING | ROCE anomaly | company=TECHM | year=2023-03 | computed=25.3163 | source=11.9000 | difference=13.4163 | category=REVIEW_REQUIRED
2026-09-19 13:12:19,321 | WARNING | ROCE anomaly | company=TITAN | year=2013-03 | computed=51.4721 | source=22.7000 | difference=28.7721 | category=REVIEW_REQUIRED
2026-09-19 13:12:19,321 | WARNING | ROCE anomaly | company=TITAN | year=2014-03 | computed=31.4414 | source=22.7000 | difference=8.7414 | category=REVIEW_REQUIRED
2026-09-19 13:12:19,321 | WARNING | ROCE anomaly | company=TITAN | year=2015-03 | computed=36.2123 | source=22.7000 | difference=13.5123 | category=REVIEW_REQUIRED
2026-09-19 13:12:19,321 | WARNING | ROCE anomaly | company=TITAN | year=2021-03 | computed=13.1329 | source=22.7000 | difference=9.5671 | category=REVIEW_REQUIRED
2026-09-19 13:12:19,321 | WARNING | ROCE anomaly | company=TORNTPHARM | year=2013-03 | computed=32.9551 | source=23.2000 | difference=9.7551 | category=REVIEW_REQUIRED
2026-09-19 13:12:19,321 | WARNING | ROCE anomaly | company=TORNTPHARM | year=2014-03 | computed=31.4662 | source=23.2000 | difference=8.2662 | category=REVIEW_REQUIRED
2026-09-19 13:12:19,321 | WARNING | ROCE anomaly | company=TORNTPHARM | year=2016-03 | computed=46.7499 | source=23.2000 | difference=23.5499 | category=REVIEW_REQUIRED
2026-09-19 13:12:19,321 | WARNING | ROCE anomaly | company=TORNTPHARM | year=2018-03 | computed=12.1696 | source=23.2000 | difference=11.0304 | category=REVIEW_REQUIRED
2026-09-19 13:12:19,321 | WARNING | ROCE anomaly | company=TORNTPHARM | year=2024-03 | computed=30.9616 | source=23.2000 | difference=7.7616 | category=REVIEW_REQUIRED
2026-09-19 13:12:19,321 | WARNING | ROCE anomaly | company=TRENT | year=2013-03 | computed=0.3177 | source=23.8000 | difference=23.4823 | category=REVIEW_REQUIRED
2026-09-19 13:12:19,321 | WARNING | ROCE anomaly | company=TRENT | year=2014-03 | computed=-0.7559 | source=23.8000 | difference=24.5559 | category=REVIEW_REQUIRED
2026-09-19 13:12:19,321 | WARNING | ROCE anomaly | company=TRENT | year=2015-03 | computed=5.2102 | source=23.8000 | difference=18.5898 | category=REVIEW_REQUIRED
2026-09-19 13:12:19,321 | WARNING | ROCE anomaly | company=TRENT | year=2016-03 | computed=4.8283 | source=23.8000 | difference=18.9717 | category=REVIEW_REQUIRED
2026-09-19 13:12:19,321 | WARNING | ROCE anomaly | company=TRENT | year=2017-03 | computed=6.9108 | source=23.8000 | difference=16.8892 | category=REVIEW_REQUIRED
2026-09-19 13:12:19,321 | WARNING | ROCE anomaly | company=TRENT | year=2018-03 | computed=10.4733 | source=23.8000 | difference=13.3267 | category=REVIEW_REQUIRED
2026-09-19 13:12:19,321 | WARNING | ROCE anomaly | company=TRENT | year=2019-03 | computed=11.2617 | source=23.8000 | difference=12.5383 | category=REVIEW_REQUIRED
2026-09-19 13:12:19,321 | WARNING | ROCE anomaly | company=TRENT | year=2021-03 | computed=4.3628 | source=23.8000 | difference=19.4372 | category=REVIEW_REQUIRED
2026-09-19 13:12:19,321 | WARNING | ROCE anomaly | company=TRENT | year=2022-03 | computed=8.3933 | source=23.8000 | difference=15.4067 | category=REVIEW_REQUIRED
2026-09-19 13:12:19,321 | WARNING | ROCE anomaly | company=TRENT | year=2023-03 | computed=15.7790 | source=23.8000 | difference=8.0210 | category=REVIEW_REQUIRED
2026-09-19 13:12:19,321 | WARNING | ROCE anomaly | company=TRENT | year=2024-03 | computed=33.8602 | source=23.8000 | difference=10.0602 | category=REVIEW_REQUIRED
2026-09-19 13:12:19,323 | WARNING | ROE anomaly | company=ABB | year=2012-12 | computed=22.4111 | source=34.9000 | difference=12.4889 | category=REVIEW_REQUIRED
2026-09-19 13:12:19,324 | WARNING | ROE anomaly | company=ABB | year=2014-03 | computed=25.1269 | source=34.9000 | difference=9.7731 | category=REVIEW_REQUIRED
2026-09-19 13:12:19,324 | WARNING | ROE anomaly | company=ABB | year=2015-03 | computed=24.4397 | source=34.9000 | difference=10.4603 | category=REVIEW_REQUIRED
2026-09-19 13:12:19,324 | WARNING | ROE anomaly | company=ABB | year=2016-03 | computed=21.3389 | source=34.9000 | difference=13.5611 | category=REVIEW_REQUIRED
2026-09-19 13:12:19,324 | WARNING | ROE anomaly | company=ABB | year=2017-03 | computed=19.9712 | source=34.9000 | difference=14.9288 | category=REVIEW_REQUIRED
2026-09-19 13:12:19,324 | WARNING | ROE anomaly | company=ABB | year=2018-03 | computed=23.6858 | source=34.9000 | difference=11.2142 | category=REVIEW_REQUIRED
2026-09-19 13:12:19,324 | WARNING | ROE anomaly | company=ABB | year=2019-03 | computed=22.4104 | source=34.9000 | difference=12.4896 | category=REVIEW_REQUIRED
2026-09-19 13:12:19,324 | WARNING | ROE anomaly | company=ABB | year=2020-03 | computed=24.3933 | source=34.9000 | difference=10.5067 | category=REVIEW_REQUIRED
2026-09-19 13:12:19,324 | WARNING | ROE anomaly | company=ABB | year=2021-03 | computed=26.5565 | source=34.9000 | difference=8.3435 | category=REVIEW_REQUIRED
2026-09-19 13:12:19,324 | WARNING | ROE anomaly | company=ABB | year=2022-03 | computed=28.3333 | source=34.9000 | difference=6.5667 | category=REVIEW_REQUIRED
2026-09-19 13:12:19,324 | WARNING | ROE anomaly | company=ABB | year=2023-03 | computed=29.7679 | source=34.9000 | difference=5.1321 | category=REVIEW_REQUIRED
2026-09-19 13:12:19,324 | WARNING | ROE anomaly | company=ADANIENSOL | year=2014-03 | computed=0.0000 | source=8.5900 | difference=8.5900 | category=REVIEW_REQUIRED
2026-09-19 13:12:19,324 | WARNING | ROE anomaly | company=ADANIENSOL | year=2015-03 | computed=-0.6464 | source=8.5900 | difference=9.2364 | category=REVIEW_REQUIRED
2026-09-19 13:12:19,324 | WARNING | ROE anomaly | company=ADANIENSOL | year=2016-03 | computed=13.7725 | source=8.5900 | difference=5.1825 | category=REVIEW_REQUIRED
2026-09-19 13:12:19,324 | WARNING | ROE anomaly | company=ADANIENSOL | year=2017-03 | computed=14.1161 | source=8.5900 | difference=5.5261 | category=REVIEW_REQUIRED
2026-09-19 13:12:19,324 | WARNING | ROE anomaly | company=ADANIENSOL | year=2018-03 | computed=18.8707 | source=8.5900 | difference=10.2807 | category=REVIEW_REQUIRED
2026-09-19 13:12:19,324 | WARNING | ROE anomaly | company=ADANIENSOL | year=2021-03 | computed=14.4635 | source=8.5900 | difference=5.8735 | category=REVIEW_REQUIRED
2026-09-19 13:12:19,324 | WARNING | ROE anomaly | company=ADANIENT | year=2013-03 | computed=5.6927 | source=13.6400 | difference=7.9473 | category=REVIEW_REQUIRED
2026-09-19 13:12:19,324 | WARNING | ROE anomaly | company=ADANIENT | year=2016-03 | computed=7.4750 | source=13.6400 | difference=6.1650 | category=REVIEW_REQUIRED
2026-09-19 13:12:19,324 | WARNING | ROE anomaly | company=ADANIENT | year=2017-03 | computed=6.5436 | source=13.6400 | difference=7.0964 | category=REVIEW_REQUIRED
2026-09-19 13:12:19,324 | WARNING | ROE anomaly | company=ADANIENT | year=2018-03 | computed=3.9366 | source=13.6400 | difference=9.7034 | category=REVIEW_REQUIRED
2026-09-19 13:12:19,324 | WARNING | ROE anomaly | company=ADANIENT | year=2019-03 | computed=3.4291 | source=13.6400 | difference=10.2109 | category=REVIEW_REQUIRED
2026-09-19 13:12:19,324 | WARNING | ROE anomaly | company=ADANIENT | year=2020-03 | computed=6.1368 | source=13.6400 | difference=7.5032 | category=REVIEW_REQUIRED
2026-09-19 13:12:19,324 | WARNING | ROE anomaly | company=ADANIENT | year=2021-03 | computed=6.0959 | source=13.6400 | difference=7.5441 | category=REVIEW_REQUIRED
2026-09-19 13:12:19,324 | WARNING | ROE anomaly | company=ADANIENT | year=2022-03 | computed=3.5405 | source=13.6400 | difference=10.0995 | category=REVIEW_REQUIRED
2026-09-19 13:12:19,324 | WARNING | ROE anomaly | company=ADANIENT | year=2023-03 | computed=7.3281 | source=13.6400 | difference=6.3119 | category=REVIEW_REQUIRED
2026-09-19 13:12:19,324 | WARNING | ROE anomaly | company=ADANIENT | year=2024-03 | computed=8.5347 | source=13.6400 | difference=5.1053 | category=REVIEW_REQUIRED
2026-09-19 13:12:19,324 | WARNING | ROE anomaly | company=ADANIGREEN | year=2017-03 | computed=-3.9069 | source=14.7000 | difference=18.6069 | category=REVIEW_REQUIRED
2026-09-19 13:12:19,325 | WARNING | ROE anomaly | company=ADANIGREEN | year=2018-03 | computed=-10.2908 | source=14.7000 | difference=24.9908 | category=REVIEW_REQUIRED
2026-09-19 13:12:19,325 | WARNING | ROE anomaly | company=ADANIGREEN | year=2019-03 | computed=-24.5732 | source=14.7000 | difference=39.2732 | category=REVIEW_REQUIRED
2026-09-19 13:12:19,325 | WARNING | ROE anomaly | company=ADANIGREEN | year=2020-03 | computed=-2.8850 | source=14.7000 | difference=17.5850 | category=REVIEW_REQUIRED
2026-09-19 13:12:19,325 | WARNING | ROE anomaly | company=ADANIGREEN | year=2021-03 | computed=8.2727 | source=14.7000 | difference=6.4273 | category=REVIEW_REQUIRED
2026-09-19 13:12:19,325 | WARNING | ROE anomaly | company=ADANIPORTS | year=2013-03 | computed=25.6334 | source=18.1000 | difference=7.5334 | category=REVIEW_REQUIRED
2026-09-19 13:12:19,325 | WARNING | ROE anomaly | company=ADANIPORTS | year=2022-03 | computed=11.8433 | source=18.1000 | difference=6.2567 | category=REVIEW_REQUIRED
2026-09-19 13:12:19,325 | WARNING | ROE anomaly | company=ADANIPORTS | year=2023-03 | computed=11.8773 | source=18.1000 | difference=6.2227 | category=REVIEW_REQUIRED
2026-09-19 13:12:19,325 | WARNING | ROE anomaly | company=ADANIPOWER | year=2013-03 | computed=-53.4591 | source=57.1000 | difference=110.5591 | category=REVIEW_REQUIRED
2026-09-19 13:12:19,325 | WARNING | ROE anomaly | company=ADANIPOWER | year=2014-03 | computed=-4.4475 | source=57.1000 | difference=61.5475 | category=REVIEW_REQUIRED
2026-09-19 13:12:19,325 | WARNING | ROE anomaly | company=ADANIPOWER | year=2015-03 | computed=-14.2533 | source=57.1000 | difference=71.3533 | category=REVIEW_REQUIRED
2026-09-19 13:12:19,325 | WARNING | ROE anomaly | company=ADANIPOWER | year=2016-03 | computed=7.3781 | source=57.1000 | difference=49.7219 | category=REVIEW_REQUIRED
2026-09-19 13:12:19,325 | WARNING | ROE anomaly | company=ADANIPOWER | year=2017-03 | computed=-205.8000 | source=57.1000 | difference=262.9000 | category=REVIEW_REQUIRED
2026-09-19 13:12:19,325 | WARNING | ROE anomaly | company=ADANIPOWER | year=2018-03 | computed=-236.5579 | source=57.1000 | difference=293.6579 | category=REVIEW_REQUIRED
2026-09-19 13:12:19,325 | WARNING | ROE anomaly | company=ADANIPOWER | year=2019-03 | computed=-12.7593 | source=57.1000 | difference=69.8593 | category=REVIEW_REQUIRED
2026-09-19 13:12:19,325 | WARNING | ROE anomaly | company=ADANIPOWER | year=2020-03 | computed=-35.1026 | source=57.1000 | difference=92.2026 | category=REVIEW_REQUIRED
2026-09-19 13:12:19,325 | WARNING | ROE anomaly | company=ADANIPOWER | year=2021-03 | computed=9.6850 | source=57.1000 | difference=47.4150 | category=REVIEW_REQUIRED
2026-09-19 13:12:19,325 | WARNING | ROE anomaly | company=ADANIPOWER | year=2022-03 | computed=26.6132 | source=57.1000 | difference=30.4868 | category=REVIEW_REQUIRED
2026-09-19 13:12:19,325 | WARNING | ROE anomaly | company=ADANIPOWER | year=2023-03 | computed=35.9051 | source=57.1000 | difference=21.1949 | category=REVIEW_REQUIRED
2026-09-19 13:12:19,325 | WARNING | ROE anomaly | company=ADANIPOWER | year=2024-03 | computed=48.2767 | source=57.1000 | difference=8.8233 | category=REVIEW_REQUIRED
2026-09-19 13:12:19,325 | WARNING | ROE anomaly | company=AMBUJACEM | year=2012-12 | computed=14.6868 | source=9.2400 | difference=5.4468 | category=REVIEW_REQUIRED
2026-09-19 13:12:19,325 | WARNING | ROE anomaly | company=AMBUJACEM | year=2014-12 | computed=14.7666 | source=9.2400 | difference=5.5266 | category=REVIEW_REQUIRED
2026-09-19 13:12:19,325 | WARNING | ROE anomaly | company=AMBUJACEM | year=2021-12 | computed=14.6367 | source=9.2400 | difference=5.3967 | category=REVIEW_REQUIRED
2026-09-19 13:12:19,325 | WARNING | ROE anomaly | company=APOLLOHOSP | year=2016-03 | computed=7.0528 | source=13.8100 | difference=6.7572 | category=REVIEW_REQUIRED
2026-09-19 13:12:19,325 | WARNING | ROE anomaly | company=APOLLOHOSP | year=2017-03 | computed=3.9529 | source=13.8100 | difference=9.8571 | category=REVIEW_REQUIRED
2026-09-19 13:12:19,325 | WARNING | ROE anomaly | company=APOLLOHOSP | year=2018-03 | computed=1.8450 | source=13.8100 | difference=11.9650 | category=REVIEW_REQUIRED
2026-09-19 13:12:19,325 | WARNING | ROE anomaly | company=APOLLOHOSP | year=2019-03 | computed=5.9988 | source=13.8100 | difference=7.8112 | category=REVIEW_REQUIRED
2026-09-19 13:12:19,325 | WARNING | ROE anomaly | company=APOLLOHOSP | year=2021-03 | computed=2.9763 | source=13.8100 | difference=10.8337 | category=REVIEW_REQUIRED
2026-09-19 13:12:19,325 | WARNING | ROE anomaly | company=APOLLOHOSP | year=2022-03 | computed=19.7048 | source=13.8100 | difference=5.8948 | category=REVIEW_REQUIRED
2026-09-19 13:12:19,325 | WARNING | ROE anomaly | company=ASIANPAINT | year=2018-03 | computed=24.9465 | source=31.4500 | difference=6.5035 | category=REVIEW_REQUIRED
2026-09-19 13:12:19,325 | WARNING | ROE anomaly | company=ASIANPAINT | year=2019-03 | computed=23.3133 | source=31.4500 | difference=8.1367 | category=REVIEW_REQUIRED
2026-09-19 13:12:19,325 | WARNING | ROE anomaly | company=ASIANPAINT | year=2021-03 | computed=25.0429 | source=31.4500 | difference=6.4071 | category=REVIEW_REQUIRED
2026-09-19 13:12:19,325 | WARNING | ROE anomaly | company=ASIANPAINT | year=2022-03 | computed=22.3357 | source=31.4500 | difference=9.1143 | category=REVIEW_REQUIRED
2026-09-19 13:12:19,325 | WARNING | ROE anomaly | company=ASIANPAINT | year=2023-03 | computed=26.2319 | source=31.4500 | difference=5.2181 | category=REVIEW_REQUIRED
2026-09-19 13:12:19,325 | WARNING | ROE anomaly | company=ATGL | year=2020-03 | computed=29.6397 | source=20.5000 | difference=9.1397 | category=REVIEW_REQUIRED
2026-09-19 13:12:19,326 | WARNING | ROE anomaly | company=AXISBANK | year=2017-03 | computed=6.5254 | source=18.4000 | difference=11.8746 | category=REVIEW_REQUIRED
2026-09-19 13:12:19,326 | WARNING | ROE anomaly | company=AXISBANK | year=2018-03 | computed=0.4299 | source=18.4000 | difference=17.9701 | category=REVIEW_REQUIRED
2026-09-19 13:12:19,326 | WARNING | ROE anomaly | company=AXISBANK | year=2019-03 | computed=6.8980 | source=18.4000 | difference=11.5020 | category=REVIEW_REQUIRED
2026-09-19 13:12:19,326 | WARNING | ROE anomaly | company=AXISBANK | year=2020-03 | computed=1.8844 | source=18.4000 | difference=16.5156 | category=REVIEW_REQUIRED
2026-09-19 13:12:19,326 | WARNING | ROE anomaly | company=AXISBANK | year=2021-03 | computed=6.3594 | source=18.4000 | difference=12.0406 | category=REVIEW_REQUIRED
2026-09-19 13:12:19,326 | WARNING | ROE anomaly | company=AXISBANK | year=2022-03 | computed=11.0138 | source=18.4000 | difference=7.3862 | category=REVIEW_REQUIRED
2026-09-19 13:12:19,326 | WARNING | ROE anomaly | company=AXISBANK | year=2023-03 | computed=7.3817 | source=18.4000 | difference=11.0183 | category=REVIEW_REQUIRED
2026-09-19 13:12:19,326 | WARNING | ROE anomaly | company=BAJAJ-AUTO | year=2013-03 | computed=38.8469 | source=26.5000 | difference=12.3469 | category=REVIEW_REQUIRED
2026-09-19 13:12:19,326 | WARNING | ROE anomaly | company=BAJAJ-AUTO | year=2014-03 | computed=33.2448 | source=26.5000 | difference=6.7448 | category=REVIEW_REQUIRED
2026-09-19 13:12:19,326 | WARNING | ROE anomaly | company=BAJAJ-AUTO | year=2018-03 | computed=20.6561 | source=26.5000 | difference=5.8439 | category=REVIEW_REQUIRED
2026-09-19 13:12:19,326 | WARNING | ROE anomaly | company=BAJAJ-AUTO | year=2019-03 | computed=21.2112 | source=26.5000 | difference=5.2888 | category=REVIEW_REQUIRED
2026-09-19 13:12:19,326 | WARNING | ROE anomaly | company=BAJAJ-AUTO | year=2021-03 | computed=17.8088 | source=26.5000 | difference=8.6912 | category=REVIEW_REQUIRED
2026-09-19 13:12:19,326 | WARNING | ROE anomaly | company=BAJAJ-AUTO | year=2022-03 | computed=20.6504 | source=26.5000 | difference=5.8496 | category=REVIEW_REQUIRED
2026-09-19 13:12:19,326 | WARNING | ROE anomaly | company=BAJAJ-AUTO | year=2023-03 | computed=20.6389 | source=26.5000 | difference=5.8611 | category=REVIEW_REQUIRED
2026-09-19 13:12:19,326 | WARNING | ROE anomaly | company=BAJAJFINSV | year=2013-03 | computed=28.3773 | source=11.7200 | difference=16.6573 | category=REVIEW_REQUIRED
2026-09-19 13:12:19,326 | WARNING | ROE anomaly | company=BAJAJFINSV | year=2014-03 | computed=23.5288 | source=11.7200 | difference=11.8088 | category=REVIEW_REQUIRED
2026-09-19 13:12:19,326 | WARNING | ROE anomaly | company=BAJAJFINSV | year=2015-03 | computed=21.7242 | source=11.7200 | difference=10.0042 | category=REVIEW_REQUIRED
2026-09-19 13:12:19,326 | WARNING | ROE anomaly | company=BAJAJFINSV | year=2016-03 | computed=20.4059 | source=11.7200 | difference=8.6859 | category=REVIEW_REQUIRED
2026-09-19 13:12:19,326 | WARNING | ROE anomaly | company=BAJAJFINSV | year=2017-03 | computed=21.3609 | source=11.7200 | difference=9.6409 | category=REVIEW_REQUIRED
2026-09-19 13:12:19,326 | WARNING | ROE anomaly | company=BAJAJFINSV | year=2018-03 | computed=20.3876 | source=11.7200 | difference=8.6676 | category=REVIEW_REQUIRED
2026-09-19 13:12:19,326 | WARNING | ROE anomaly | company=BAJAJFINSV | year=2019-03 | computed=22.6369 | source=11.7200 | difference=10.9169 | category=REVIEW_REQUIRED
2026-09-19 13:12:19,326 | WARNING | ROE anomaly | company=BAJAJFINSV | year=2020-03 | computed=19.1489 | source=11.7200 | difference=7.4289 | category=REVIEW_REQUIRED
2026-09-19 13:12:19,326 | WARNING | ROE anomaly | company=BAJAJFINSV | year=2021-03 | computed=20.5610 | source=11.7200 | difference=8.8410 | category=REVIEW_REQUIRED
2026-09-19 13:12:19,326 | WARNING | ROE anomaly | company=BAJAJFINSV | year=2022-03 | computed=20.6574 | source=11.7200 | difference=8.9374 | category=REVIEW_REQUIRED
2026-09-19 13:12:19,326 | WARNING | ROE anomaly | company=BAJAJFINSV | year=2023-03 | computed=26.3107 | source=11.7200 | difference=14.5907 | category=REVIEW_REQUIRED
2026-09-19 13:12:19,326 | WARNING | ROE anomaly | company=BAJAJFINSV | year=2024-03 | computed=25.8504 | source=11.7200 | difference=14.1304 | category=REVIEW_REQUIRED
2026-09-19 13:12:19,326 | WARNING | ROE anomaly | company=BAJAJHLDNG | year=2022-03 | computed=9.6307 | source=14.8000 | difference=5.1693 | category=REVIEW_REQUIRED
2026-09-19 13:12:19,326 | WARNING | ROE anomaly | company=BAJFINANCE | year=2018-03 | computed=15.7496 | source=22.1000 | difference=6.3504 | category=REVIEW_REQUIRED
2026-09-19 13:12:19,326 | WARNING | ROE anomaly | company=BAJFINANCE | year=2020-03 | computed=16.2831 | source=22.1000 | difference=5.8169 | category=REVIEW_REQUIRED
2026-09-19 13:12:19,326 | WARNING | ROE anomaly | company=BAJFINANCE | year=2021-03 | computed=11.9725 | source=22.1000 | difference=10.1275 | category=REVIEW_REQUIRED
2026-09-19 13:12:19,326 | WARNING | ROE anomaly | company=BAJFINANCE | year=2022-03 | computed=16.0776 | source=22.1000 | difference=6.0224 | category=REVIEW_REQUIRED
2026-09-19 13:12:19,326 | WARNING | ROE anomaly | company=BANKBARODA | year=2015-03 | computed=9.4007 | source=16.7000 | difference=7.2993 | category=REVIEW_REQUIRED
2026-09-19 13:12:19,326 | WARNING | ROE anomaly | company=BANKBARODA | year=2016-03 | computed=-11.8415 | source=16.7000 | difference=28.5415 | category=REVIEW_REQUIRED
2026-09-19 13:12:19,326 | WARNING | ROE anomaly | company=BANKBARODA | year=2017-03 | computed=4.3072 | source=16.7000 | difference=12.3928 | category=REVIEW_REQUIRED
2026-09-19 13:12:19,326 | WARNING | ROE anomaly | company=BANKBARODA | year=2018-03 | computed=-3.9428 | source=16.7000 | difference=20.6428 | category=REVIEW_REQUIRED
2026-09-19 13:12:19,326 | WARNING | ROE anomaly | company=BANKBARODA | year=2019-03 | computed=2.1202 | source=16.7000 | difference=14.5798 | category=REVIEW_REQUIRED
2026-09-19 13:12:19,326 | WARNING | ROE anomaly | company=BANKBARODA | year=2020-03 | computed=1.2890 | source=16.7000 | difference=15.4110 | category=REVIEW_REQUIRED
2026-09-19 13:12:19,326 | WARNING | ROE anomaly | company=BANKBARODA | year=2021-03 | computed=1.9663 | source=16.7000 | difference=14.7337 | category=REVIEW_REQUIRED
2026-09-19 13:12:19,326 | WARNING | ROE anomaly | company=BANKBARODA | year=2022-03 | computed=8.6351 | source=16.7000 | difference=8.0649 | category=REVIEW_REQUIRED
2026-09-19 13:12:19,326 | WARNING | ROE anomaly | company=BEL | year=2013-03 | computed=15183.3333 | source=26.3000 | difference=15157.0333 | category=REVIEW_REQUIRED
2026-09-19 13:12:19,326 | WARNING | ROE anomaly | company=BEL | year=2014-03 | computed=13600.0000 | source=26.3000 | difference=13573.7000 | category=REVIEW_REQUIRED
2026-09-19 13:12:19,327 | WARNING | ROE anomaly | company=BEL | year=2015-03 | computed=17100.0000 | source=26.3000 | difference=17073.7000 | category=REVIEW_REQUIRED
2026-09-19 13:12:19,327 | WARNING | ROE anomaly | company=BEL | year=2016-03 | computed=11141.6667 | source=26.3000 | difference=11115.3667 | category=REVIEW_REQUIRED
2026-09-19 13:12:19,327 | WARNING | ROE anomaly | company=BEL | year=2017-03 | computed=10153.3333 | source=26.3000 | difference=10127.0333 | category=REVIEW_REQUIRED
2026-09-19 13:12:19,327 | WARNING | ROE anomaly | company=BEL | year=2018-03 | computed=4616.1290 | source=26.3000 | difference=4589.8290 | category=REVIEW_REQUIRED
2026-09-19 13:12:19,327 | WARNING | ROE anomaly | company=BEL | year=2019-03 | computed=3851.0204 | source=26.3000 | difference=3824.7204 | category=REVIEW_REQUIRED
2026-09-19 13:12:19,327 | WARNING | ROE anomaly | company=BEL | year=2020-03 | computed=3318.1818 | source=26.3000 | difference=3291.8818 | category=REVIEW_REQUIRED
2026-09-19 13:12:19,327 | WARNING | ROE anomaly | company=BEL | year=2021-03 | computed=3559.3220 | source=26.3000 | difference=3533.0220 | category=REVIEW_REQUIRED
2026-09-19 13:12:19,327 | WARNING | ROE anomaly | company=BEL | year=2022-03 | computed=3478.2609 | source=26.3000 | difference=3451.9609 | category=REVIEW_REQUIRED
2026-09-19 13:12:19,327 | WARNING | ROE anomaly | company=BEL | year=2023-03 | computed=3981.3333 | source=26.3000 | difference=3955.0333 | category=REVIEW_REQUIRED
2026-09-19 13:12:19,327 | WARNING | ROE anomaly | company=BEL | year=2024-03 | computed=4744.0476 | source=26.3000 | difference=4717.7476 | category=REVIEW_REQUIRED
2026-09-19 13:12:19,327 | WARNING | ROE anomaly | company=BHARTIARTL | year=2013-03 | computed=4.5050 | source=14.9000 | difference=10.3950 | category=REVIEW_REQUIRED
2026-09-19 13:12:19,327 | WARNING | ROE anomaly | company=BHARTIARTL | year=2014-03 | computed=5.0522 | source=14.9000 | difference=9.8478 | category=REVIEW_REQUIRED
2026-09-19 13:12:19,327 | WARNING | ROE anomaly | company=BHARTIARTL | year=2017-03 | computed=6.2870 | source=14.9000 | difference=8.6130 | category=REVIEW_REQUIRED
2026-09-19 13:12:19,327 | WARNING | ROE anomaly | company=BHARTIARTL | year=2018-03 | computed=3.1409 | source=14.9000 | difference=11.7591 | category=REVIEW_REQUIRED
2026-09-19 13:12:19,327 | WARNING | ROE anomaly | company=BHARTIARTL | year=2019-03 | computed=2.3634 | source=14.9000 | difference=12.5366 | category=REVIEW_REQUIRED
2026-09-19 13:12:19,327 | WARNING | ROE anomaly | company=BHARTIARTL | year=2020-03 | computed=-39.7485 | source=14.9000 | difference=54.6485 | category=REVIEW_REQUIRED
2026-09-19 13:12:19,327 | WARNING | ROE anomaly | company=BHARTIARTL | year=2021-03 | computed=-20.9726 | source=14.9000 | difference=35.8726 | category=REVIEW_REQUIRED
2026-09-19 13:12:19,327 | WARNING | ROE anomaly | company=BHEL | year=2013-03 | computed=21.9091 | source=1.0500 | difference=20.8591 | category=REVIEW_REQUIRED
2026-09-19 13:12:19,327 | WARNING | ROE anomaly | company=BHEL | year=2014-03 | computed=10.5574 | source=1.0500 | difference=9.5074 | category=REVIEW_REQUIRED
2026-09-19 13:12:19,327 | WARNING | ROE anomaly | company=BHEL | year=2020-03 | computed=-5.1221 | source=1.0500 | difference=6.1721 | category=REVIEW_REQUIRED
2026-09-19 13:12:19,327 | WARNING | ROE anomaly | company=BHEL | year=2021-03 | computed=-10.3914 | source=1.0500 | difference=11.4414 | category=REVIEW_REQUIRED
2026-09-19 13:12:19,327 | WARNING | ROE anomaly | company=BOSCHLTD | year=2020-03 | computed=7.0119 | source=16.0000 | difference=8.9881 | category=REVIEW_REQUIRED
2026-09-19 13:12:19,327 | WARNING | ROE anomaly | company=BOSCHLTD | year=2021-03 | computed=4.9069 | source=16.0000 | difference=11.0931 | category=REVIEW_REQUIRED
2026-09-19 13:12:19,327 | WARNING | ROE anomaly | company=BPCL | year=2013-03 | computed=11.5410 | source=41.9000 | difference=30.3590 | category=REVIEW_REQUIRED
2026-09-19 13:12:19,327 | WARNING | ROE anomaly | company=BPCL | year=2014-03 | computed=20.8488 | source=41.9000 | difference=21.0512 | category=REVIEW_REQUIRED
2026-09-19 13:12:19,327 | WARNING | ROE anomaly | company=BPCL | year=2015-03 | computed=22.5246 | source=41.9000 | difference=19.3754 | category=REVIEW_REQUIRED
2026-09-19 13:12:19,327 | WARNING | ROE anomaly | company=BPCL | year=2016-03 | computed=29.1034 | source=41.9000 | difference=12.7966 | category=REVIEW_REQUIRED
2026-09-19 13:12:19,327 | WARNING | ROE anomaly | company=BPCL | year=2017-03 | computed=30.8479 | source=41.9000 | difference=11.0521 | category=REVIEW_REQUIRED
2026-09-19 13:12:19,328 | WARNING | ROE anomaly | company=BPCL | year=2018-03 | computed=26.7402 | source=41.9000 | difference=15.1598 | category=REVIEW_REQUIRED
2026-09-19 13:12:19,328 | WARNING | ROE anomaly | company=BPCL | year=2019-03 | computed=21.9992 | source=41.9000 | difference=19.9008 | category=REVIEW_REQUIRED
2026-09-19 13:12:19,328 | WARNING | ROE anomaly | company=BPCL | year=2020-03 | computed=10.0350 | source=41.9000 | difference=31.8650 | category=REVIEW_REQUIRED
2026-09-19 13:12:19,328 | WARNING | ROE anomaly | company=BPCL | year=2021-03 | computed=32.3406 | source=41.9000 | difference=9.5594 | category=REVIEW_REQUIRED
2026-09-19 13:12:19,328 | WARNING | ROE anomaly | company=BPCL | year=2022-03 | computed=22.5065 | source=41.9000 | difference=19.3935 | category=REVIEW_REQUIRED
2026-09-19 13:12:19,328 | WARNING | ROE anomaly | company=BPCL | year=2023-03 | computed=3.9815 | source=41.9000 | difference=37.9185 | category=REVIEW_REQUIRED
2026-09-19 13:12:19,328 | WARNING | ROE anomaly | company=BPCL | year=2024-03 | computed=35.5113 | source=41.9000 | difference=6.3887 | category=REVIEW_REQUIRED
2026-09-19 13:12:19,328 | WARNING | ROE anomaly | company=BRITANNIA | year=2013-03 | computed=46.5950 | source=57.1000 | difference=10.5050 | category=REVIEW_REQUIRED
2026-09-19 13:12:19,328 | WARNING | ROE anomaly | company=BRITANNIA | year=2014-03 | computed=49.4987 | source=57.1000 | difference=7.6013 | category=REVIEW_REQUIRED
2026-09-19 13:12:19,328 | WARNING | ROE anomaly | company=BRITANNIA | year=2016-03 | computed=39.4359 | source=57.1000 | difference=17.6641 | category=REVIEW_REQUIRED
2026-09-19 13:12:19,328 | WARNING | ROE anomaly | company=BRITANNIA | year=2017-03 | computed=32.8264 | source=57.1000 | difference=24.2736 | category=REVIEW_REQUIRED
2026-09-19 13:12:19,328 | WARNING | ROE anomaly | company=BRITANNIA | year=2018-03 | computed=29.4774 | source=57.1000 | difference=27.6226 | category=REVIEW_REQUIRED
2026-09-19 13:12:19,328 | WARNING | ROE anomaly | company=BRITANNIA | year=2019-03 | computed=27.1573 | source=57.1000 | difference=29.9427 | category=REVIEW_REQUIRED
2026-09-19 13:12:19,328 | WARNING | ROE anomaly | company=BRITANNIA | year=2020-03 | computed=31.6602 | source=57.1000 | difference=25.4398 | category=REVIEW_REQUIRED
2026-09-19 13:12:19,328 | WARNING | ROE anomaly | company=BRITANNIA | year=2023-03 | computed=65.5348 | source=57.1000 | difference=8.4348 | category=REVIEW_REQUIRED
2026-09-19 13:12:19,328 | WARNING | ROE anomaly | company=CANBK | year=2013-03 | computed=11.8963 | source=17.9000 | difference=6.0037 | category=REVIEW_REQUIRED
2026-09-19 13:12:19,328 | WARNING | ROE anomaly | company=CANBK | year=2014-03 | computed=8.8547 | source=17.9000 | difference=9.0453 | category=REVIEW_REQUIRED
2026-09-19 13:12:19,328 | WARNING | ROE anomaly | company=CANBK | year=2015-03 | computed=9.0207 | source=17.9000 | difference=8.8793 | category=REVIEW_REQUIRED
2026-09-19 13:12:19,328 | WARNING | ROE anomaly | company=CANBK | year=2016-03 | computed=-7.8217 | source=17.9000 | difference=25.7217 | category=REVIEW_REQUIRED
2026-09-19 13:12:19,328 | WARNING | ROE anomaly | company=CANBK | year=2017-03 | computed=4.0680 | source=17.9000 | difference=13.8320 | category=REVIEW_REQUIRED
2026-09-19 13:12:19,328 | WARNING | ROE anomaly | company=CANBK | year=2018-03 | computed=-10.4968 | source=17.9000 | difference=28.3968 | category=REVIEW_REQUIRED
2026-09-19 13:12:19,328 | WARNING | ROE anomaly | company=CANBK | year=2019-03 | computed=1.8467 | source=17.9000 | difference=16.0533 | category=REVIEW_REQUIRED
2026-09-19 13:12:19,328 | WARNING | ROE anomaly | company=CANBK | year=2020-03 | computed=-4.6619 | source=17.9000 | difference=22.5619 | category=REVIEW_REQUIRED
2026-09-19 13:12:19,328 | WARNING | ROE anomaly | company=CANBK | year=2021-03 | computed=4.7380 | source=17.9000 | difference=13.1620 | category=REVIEW_REQUIRED
2026-09-19 13:12:19,328 | WARNING | ROE anomaly | company=CANBK | year=2022-03 | computed=8.8020 | source=17.9000 | difference=9.0980 | category=REVIEW_REQUIRED
2026-09-19 13:12:19,328 | WARNING | ROE anomaly | company=CHOLAFIN | year=2020-03 | computed=12.8537 | source=20.2000 | difference=7.3463 | category=REVIEW_REQUIRED
2026-09-19 13:12:19,328 | WARNING | ROE anomaly | company=CIPLA | year=2015-03 | computed=11.3775 | source=16.8000 | difference=5.4225 | category=REVIEW_REQUIRED
2026-09-19 13:12:19,328 | WARNING | ROE anomaly | company=CIPLA | year=2017-03 | computed=8.2510 | source=16.8000 | difference=8.5490 | category=REVIEW_REQUIRED
2026-09-19 13:12:19,328 | WARNING | ROE anomaly | company=CIPLA | year=2018-03 | computed=9.9585 | source=16.8000 | difference=6.8415 | category=REVIEW_REQUIRED
2026-09-19 13:12:19,328 | WARNING | ROE anomaly | company=CIPLA | year=2019-03 | computed=9.9387 | source=16.8000 | difference=6.8613 | category=REVIEW_REQUIRED
2026-09-19 13:12:19,329 | WARNING | ROE anomaly | company=CIPLA | year=2020-03 | computed=9.5160 | source=16.8000 | difference=7.2840 | category=REVIEW_REQUIRED
2026-09-19 13:12:19,329 | WARNING | ROE anomaly | company=COALINDIA | year=2013-03 | computed=35.8062 | source=52.0000 | difference=16.1938 | category=REVIEW_REQUIRED
2026-09-19 13:12:19,329 | WARNING | ROE anomaly | company=COALINDIA | year=2014-03 | computed=35.6381 | source=52.0000 | difference=16.3619 | category=REVIEW_REQUIRED
2026-09-19 13:12:19,329 | WARNING | ROE anomaly | company=COALINDIA | year=2015-03 | computed=34.0173 | source=52.0000 | difference=17.9827 | category=REVIEW_REQUIRED
2026-09-19 13:12:19,329 | WARNING | ROE anomaly | company=COALINDIA | year=2016-03 | computed=40.9583 | source=52.0000 | difference=11.0417 | category=REVIEW_REQUIRED
2026-09-19 13:12:19,329 | WARNING | ROE anomaly | company=COALINDIA | year=2017-03 | computed=37.8497 | source=52.0000 | difference=14.1503 | category=REVIEW_REQUIRED
2026-09-19 13:12:19,329 | WARNING | ROE anomaly | company=COALINDIA | year=2018-03 | computed=34.8796 | source=52.0000 | difference=17.1204 | category=REVIEW_REQUIRED
2026-09-19 13:12:19,329 | WARNING | ROE anomaly | company=COALINDIA | year=2019-03 | computed=66.0140 | source=52.0000 | difference=14.0140 | category=REVIEW_REQUIRED
2026-09-19 13:12:19,329 | WARNING | ROE anomaly | company=COALINDIA | year=2021-03 | computed=34.7828 | source=52.0000 | difference=17.2172 | category=REVIEW_REQUIRED
2026-09-19 13:12:19,329 | WARNING | ROE anomaly | company=COALINDIA | year=2022-03 | computed=40.2800 | source=52.0000 | difference=11.7200 | category=REVIEW_REQUIRED
2026-09-19 13:12:19,329 | WARNING | ROE anomaly | company=COALINDIA | year=2024-03 | computed=45.1698 | source=52.0000 | difference=6.8302 | category=REVIEW_REQUIRED
2026-09-19 13:12:19,329 | WARNING | ROE anomaly | company=DABUR | year=2013-03 | computed=36.5632 | source=19.2000 | difference=17.3632 | category=REVIEW_REQUIRED
2026-09-19 13:12:19,329 | WARNING | ROE anomaly | company=DABUR | year=2014-03 | computed=34.4880 | source=19.2000 | difference=15.2880 | category=REVIEW_REQUIRED
2026-09-19 13:12:19,329 | WARNING | ROE anomaly | company=DABUR | year=2015-03 | computed=31.8426 | source=19.2000 | difference=12.6426 | category=REVIEW_REQUIRED
2026-09-19 13:12:19,329 | WARNING | ROE anomaly | company=DABUR | year=2016-03 | computed=30.0647 | source=19.2000 | difference=10.8647 | category=REVIEW_REQUIRED
2026-09-19 13:12:19,329 | WARNING | ROE anomaly | company=DABUR | year=2017-03 | computed=26.4081 | source=19.2000 | difference=7.2081 | category=REVIEW_REQUIRED
2026-09-19 13:12:19,329 | WARNING | ROE anomaly | company=DABUR | year=2019-03 | computed=25.6747 | source=19.2000 | difference=6.4747 | category=REVIEW_REQUIRED
2026-09-19 13:12:19,329 | WARNING | ROE anomaly | company=DIVISLAB | year=2013-03 | computed=24.0704 | source=12.2000 | difference=11.8704 | category=REVIEW_REQUIRED
2026-09-19 13:12:19,329 | WARNING | ROE anomaly | company=DIVISLAB | year=2014-03 | computed=26.0796 | source=12.2000 | difference=13.8796 | category=REVIEW_REQUIRED
2026-09-19 13:12:19,329 | WARNING | ROE anomaly | company=DIVISLAB | year=2015-03 | computed=24.3707 | source=12.2000 | difference=12.1707 | category=REVIEW_REQUIRED
2026-09-19 13:12:19,329 | WARNING | ROE anomaly | company=DIVISLAB | year=2016-03 | computed=26.2287 | source=12.2000 | difference=14.0287 | category=REVIEW_REQUIRED
2026-09-19 13:12:19,329 | WARNING | ROE anomaly | company=DIVISLAB | year=2017-03 | computed=19.7872 | source=12.2000 | difference=7.5872 | category=REVIEW_REQUIRED
2026-09-19 13:12:19,329 | WARNING | ROE anomaly | company=DIVISLAB | year=2019-03 | computed=19.4480 | source=12.2000 | difference=7.2480 | category=REVIEW_REQUIRED
2026-09-19 13:12:19,329 | WARNING | ROE anomaly | company=DIVISLAB | year=2020-03 | computed=18.8372 | source=12.2000 | difference=6.6372 | category=REVIEW_REQUIRED
2026-09-19 13:12:19,329 | WARNING | ROE anomaly | company=DIVISLAB | year=2021-03 | computed=21.3448 | source=12.2000 | difference=9.1448 | category=REVIEW_REQUIRED
2026-09-19 13:12:19,329 | WARNING | ROE anomaly | company=DIVISLAB | year=2022-03 | computed=25.2387 | source=12.2000 | difference=13.0387 | category=REVIEW_REQUIRED
2026-09-19 13:12:19,330 | WARNING | ROE anomaly | company=DLF | year=2015-03 | computed=1.8525 | source=6.9500 | difference=5.0975 | category=REVIEW_REQUIRED
2026-09-19 13:12:19,330 | WARNING | ROE anomaly | company=DLF | year=2016-03 | computed=1.2672 | source=6.9500 | difference=5.6828 | category=REVIEW_REQUIRED
2026-09-19 13:12:19,330 | WARNING | ROE anomaly | company=DLF | year=2018-03 | computed=12.6788 | source=6.9500 | difference=5.7288 | category=REVIEW_REQUIRED
2026-09-19 13:12:19,330 | WARNING | ROE anomaly | company=DLF | year=2020-03 | computed=-1.7128 | source=6.9500 | difference=8.6628 | category=REVIEW_REQUIRED
2026-09-19 13:12:19,330 | WARNING | ROE anomaly | company=DMART | year=2016-03 | computed=21.0388 | source=14.5000 | difference=6.5388 | category=REVIEW_REQUIRED
2026-09-19 13:12:19,330 | WARNING | ROE anomaly | company=DMART | year=2021-03 | computed=9.0200 | source=14.5000 | difference=5.4800 | category=REVIEW_REQUIRED
2026-09-19 13:12:19,330 | WARNING | ROE anomaly | company=DRREDDY | year=2017-03 | computed=10.5366 | source=21.4000 | difference=10.8634 | category=REVIEW_REQUIRED
2026-09-19 13:12:19,330 | WARNING | ROE anomaly | company=DRREDDY | year=2018-03 | computed=7.5326 | source=21.4000 | difference=13.8674 | category=REVIEW_REQUIRED
2026-09-19 13:12:19,330 | WARNING | ROE anomaly | company=DRREDDY | year=2019-03 | computed=13.9047 | source=21.4000 | difference=7.4953 | category=REVIEW_REQUIRED
2026-09-19 13:12:19,330 | WARNING | ROE anomaly | company=DRREDDY | year=2020-03 | computed=12.9880 | source=21.4000 | difference=8.4120 | category=REVIEW_REQUIRED
2026-09-19 13:12:19,330 | WARNING | ROE anomaly | company=DRREDDY | year=2021-03 | computed=11.0651 | source=21.4000 | difference=10.3349 | category=REVIEW_REQUIRED
2026-09-19 13:12:19,330 | WARNING | ROE anomaly | company=DRREDDY | year=2022-03 | computed=11.3575 | source=21.4000 | difference=10.0425 | category=REVIEW_REQUIRED
2026-09-19 13:12:19,330 | WARNING | ROE anomaly | company=EICHERMOT | year=2016-03 | computed=36.6274 | source=24.2000 | difference=12.4274 | category=REVIEW_REQUIRED
2026-09-19 13:12:19,330 | WARNING | ROE anomaly | company=EICHERMOT | year=2017-03 | computed=31.1880 | source=24.2000 | difference=6.9880 | category=REVIEW_REQUIRED
2026-09-19 13:12:19,330 | WARNING | ROE anomaly | company=EICHERMOT | year=2020-03 | computed=18.3048 | source=24.2000 | difference=5.8952 | category=REVIEW_REQUIRED
2026-09-19 13:12:19,330 | WARNING | ROE anomaly | company=EICHERMOT | year=2021-03 | computed=11.7765 | source=24.2000 | difference=12.4235 | category=REVIEW_REQUIRED
2026-09-19 13:12:19,330 | WARNING | ROE anomaly | company=EICHERMOT | year=2022-03 | computed=13.3011 | source=24.2000 | difference=10.8989 | category=REVIEW_REQUIRED
2026-09-19 13:12:19,330 | WARNING | ROE anomaly | company=GAIL | year=2016-03 | computed=5.1479 | source=14.0000 | difference=8.8521 | category=REVIEW_REQUIRED
2026-09-19 13:12:19,330 | WARNING | ROE anomaly | company=GAIL | year=2017-03 | computed=8.5841 | source=14.0000 | difference=5.4159 | category=REVIEW_REQUIRED
2026-09-19 13:12:19,330 | WARNING | ROE anomaly | company=GAIL | year=2020-03 | computed=19.3127 | source=14.0000 | difference=5.3127 | category=REVIEW_REQUIRED
2026-09-19 13:12:19,330 | WARNING | ROE anomaly | company=GAIL | year=2022-03 | computed=19.1908 | source=14.0000 | difference=5.1908 | category=REVIEW_REQUIRED
2026-09-19 13:12:19,330 | WARNING | ROE anomaly | company=GAIL | year=2023-03 | computed=8.6189 | source=14.0000 | difference=5.3811 | category=REVIEW_REQUIRED
2026-09-19 13:12:19,330 | WARNING | ROE anomaly | company=GODREJCP | year=2013-03 | computed=25.5056 | source=6.7700 | difference=18.7356 | category=REVIEW_REQUIRED
2026-09-19 13:12:19,330 | WARNING | ROE anomaly | company=GODREJCP | year=2014-03 | computed=21.6954 | source=6.7700 | difference=14.9254 | category=REVIEW_REQUIRED
2026-09-19 13:12:19,330 | WARNING | ROE anomaly | company=GODREJCP | year=2015-03 | computed=22.6398 | source=6.7700 | difference=15.8698 | category=REVIEW_REQUIRED
2026-09-19 13:12:19,330 | WARNING | ROE anomaly | company=GODREJCP | year=2016-03 | computed=19.4750 | source=6.7700 | difference=12.7050 | category=REVIEW_REQUIRED
2026-09-19 13:12:19,330 | WARNING | ROE anomaly | company=GODREJCP | year=2017-03 | computed=24.6699 | source=6.7700 | difference=17.8999 | category=REVIEW_REQUIRED
2026-09-19 13:12:19,330 | WARNING | ROE anomaly | company=GODREJCP | year=2018-03 | computed=26.1106 | source=6.7700 | difference=19.3406 | category=REVIEW_REQUIRED
2026-09-19 13:12:19,330 | WARNING | ROE anomaly | company=GODREJCP | year=2019-03 | computed=32.2279 | source=6.7700 | difference=25.4579 | category=REVIEW_REQUIRED
2026-09-19 13:12:19,330 | WARNING | ROE anomaly | company=GODREJCP | year=2020-03 | computed=18.9542 | source=6.7700 | difference=12.1842 | category=REVIEW_REQUIRED
2026-09-19 13:12:19,330 | WARNING | ROE anomaly | company=GODREJCP | year=2021-03 | computed=18.2329 | source=6.7700 | difference=11.4629 | category=REVIEW_REQUIRED
2026-09-19 13:12:19,330 | WARNING | ROE anomaly | company=GODREJCP | year=2022-03 | computed=15.4292 | source=6.7700 | difference=8.6592 | category=REVIEW_REQUIRED
2026-09-19 13:12:19,330 | WARNING | ROE anomaly | company=GODREJCP | year=2023-03 | computed=12.3387 | source=6.7700 | difference=5.5687 | category=REVIEW_REQUIRED
2026-09-19 13:12:19,330 | WARNING | ROE anomaly | company=GODREJCP | year=2024-03 | computed=-4.4531 | source=6.7700 | difference=11.2231 | category=REVIEW_REQUIRED
2026-09-19 13:12:19,331 | WARNING | ROE anomaly | company=GRASIM | year=2013-03 | computed=19.2196 | source=6.9000 | difference=12.3196 | category=REVIEW_REQUIRED
2026-09-19 13:12:19,331 | WARNING | ROE anomaly | company=GRASIM | year=2014-03 | computed=13.6664 | source=6.9000 | difference=6.7664 | category=REVIEW_REQUIRED
2026-09-19 13:12:19,331 | WARNING | ROE anomaly | company=GRASIM | year=2016-03 | computed=12.5962 | source=6.9000 | difference=5.6962 | category=REVIEW_REQUIRED
2026-09-19 13:12:19,331 | WARNING | ROE anomaly | company=GRASIM | year=2017-03 | computed=13.5279 | source=6.9000 | difference=6.6279 | category=REVIEW_REQUIRED
2026-09-19 13:12:19,331 | WARNING | ROE anomaly | company=GRASIM | year=2022-03 | computed=14.8034 | source=6.9000 | difference=7.9034 | category=REVIEW_REQUIRED
2026-09-19 13:12:19,331 | WARNING | ROE anomaly | company=GRASIM | year=2023-03 | computed=14.0687 | source=6.9000 | difference=7.1687 | category=REVIEW_REQUIRED
2026-09-19 13:12:19,331 | WARNING | ROE anomaly | company=HAL | year=2016-03 | computed=1665.0000 | source=28.9000 | difference=1636.1000 | category=REVIEW_REQUIRED
2026-09-19 13:12:19,331 | WARNING | ROE anomaly | company=HAL | year=2017-03 | computed=1966.9173 | source=28.9000 | difference=1938.0173 | category=REVIEW_REQUIRED
2026-09-19 13:12:19,331 | WARNING | ROE anomaly | company=HAL | year=2018-03 | computed=1528.4615 | source=28.9000 | difference=1499.5615 | category=REVIEW_REQUIRED
2026-09-19 13:12:19,331 | WARNING | ROE anomaly | company=HAL | year=2019-03 | computed=1763.9098 | source=28.9000 | difference=1735.0098 | category=REVIEW_REQUIRED
2026-09-19 13:12:19,331 | WARNING | ROE anomaly | company=HAL | year=2020-03 | computed=2059.4203 | source=28.9000 | difference=2030.5203 | category=REVIEW_REQUIRED
2026-09-19 13:12:19,331 | WARNING | ROE anomaly | company=HAL | year=2021-03 | computed=2249.3056 | source=28.9000 | difference=2220.4056 | category=REVIEW_REQUIRED
2026-09-19 13:12:19,331 | WARNING | ROE anomaly | company=HAL | year=2022-03 | computed=3324.1830 | source=28.9000 | difference=3295.2830 | category=REVIEW_REQUIRED
2026-09-19 13:12:19,331 | WARNING | ROE anomaly | company=HAL | year=2023-03 | computed=3283.0508 | source=28.9000 | difference=3254.1508 | category=REVIEW_REQUIRED
2026-09-19 13:12:19,331 | WARNING | ROE anomaly | company=HAL | year=2024-03 | computed=3816.5829 | source=28.9000 | difference=3787.6829 | category=REVIEW_REQUIRED
2026-09-19 13:12:19,331 | WARNING | ROE anomaly | company=HAVELLS | year=2013-03 | computed=40.2913 | source=18.0000 | difference=22.2913 | category=REVIEW_REQUIRED
2026-09-19 13:12:19,331 | WARNING | ROE anomaly | company=HAVELLS | year=2014-03 | computed=26.7707 | source=18.0000 | difference=8.7707 | category=REVIEW_REQUIRED
2026-09-19 13:12:19,331 | WARNING | ROE anomaly | company=HAVELLS | year=2016-03 | computed=42.9468 | source=18.0000 | difference=24.9468 | category=REVIEW_REQUIRED
2026-09-19 13:12:19,331 | WARNING | ROE anomaly | company=HCLTECH | year=2013-06 | computed=30.6898 | source=23.3000 | difference=7.3898 | category=REVIEW_REQUIRED
2026-09-19 13:12:19,331 | WARNING | ROE anomaly | company=HCLTECH | year=2014-06 | computed=33.3913 | source=23.3000 | difference=10.0913 | category=REVIEW_REQUIRED
2026-09-19 13:12:19,331 | WARNING | ROE anomaly | company=HCLTECH | year=2015-06 | computed=30.3088 | source=23.3000 | difference=7.0088 | category=REVIEW_REQUIRED
2026-09-19 13:12:19,331 | WARNING | ROE anomaly | company=HDFCLIFE | year=2013-03 | computed=33.4331 | source=11.4000 | difference=22.0331 | category=REVIEW_REQUIRED
2026-09-19 13:12:19,331 | WARNING | ROE anomaly | company=HDFCLIFE | year=2014-03 | computed=37.6037 | source=11.4000 | difference=26.2037 | category=REVIEW_REQUIRED
2026-09-19 13:12:19,331 | WARNING | ROE anomaly | company=HDFCLIFE | year=2015-03 | computed=30.9327 | source=11.4000 | difference=19.5327 | category=REVIEW_REQUIRED
2026-09-19 13:12:19,331 | WARNING | ROE anomaly | company=HDFCLIFE | year=2016-03 | computed=26.3294 | source=11.4000 | difference=14.9294 | category=REVIEW_REQUIRED
2026-09-19 13:12:19,331 | WARNING | ROE anomaly | company=HDFCLIFE | year=2017-03 | computed=23.1835 | source=11.4000 | difference=11.7835 | category=REVIEW_REQUIRED
2026-09-19 13:12:19,331 | WARNING | ROE anomaly | company=HDFCLIFE | year=2018-03 | computed=23.5282 | source=11.4000 | difference=12.1282 | category=REVIEW_REQUIRED
2026-09-19 13:12:19,331 | WARNING | ROE anomaly | company=HDFCLIFE | year=2019-03 | computed=22.6515 | source=11.4000 | difference=11.2515 | category=REVIEW_REQUIRED
2026-09-19 13:12:19,331 | WARNING | ROE anomaly | company=HDFCLIFE | year=2020-03 | computed=19.0539 | source=11.4000 | difference=7.6539 | category=REVIEW_REQUIRED
2026-09-19 13:12:19,331 | WARNING | ROE anomaly | company=HEROMOTOCO | year=2014-03 | computed=37.3822 | source=22.0000 | difference=15.3822 | category=REVIEW_REQUIRED
2026-09-19 13:12:19,331 | WARNING | ROE anomaly | company=HEROMOTOCO | year=2015-03 | computed=36.1468 | source=22.0000 | difference=14.1468 | category=REVIEW_REQUIRED
2026-09-19 13:12:19,331 | WARNING | ROE anomaly | company=HEROMOTOCO | year=2016-03 | computed=35.2275 | source=22.0000 | difference=13.2275 | category=REVIEW_REQUIRED
2026-09-19 13:12:19,331 | WARNING | ROE anomaly | company=HEROMOTOCO | year=2017-03 | computed=34.3738 | source=22.0000 | difference=12.3738 | category=REVIEW_REQUIRED
2026-09-19 13:12:19,331 | WARNING | ROE anomaly | company=HEROMOTOCO | year=2018-03 | computed=31.0892 | source=22.0000 | difference=9.0892 | category=REVIEW_REQUIRED
2026-09-19 13:12:19,331 | WARNING | ROE anomaly | company=HEROMOTOCO | year=2022-03 | computed=14.6968 | source=22.0000 | difference=7.3032 | category=REVIEW_REQUIRED
2026-09-19 13:12:19,331 | WARNING | ROE anomaly | company=HEROMOTOCO | year=2023-03 | computed=16.8108 | source=22.0000 | difference=5.1892 | category=REVIEW_REQUIRED
2026-09-19 13:12:19,331 | WARNING | ROE anomaly | company=HINDALCO | year=2015-03 | computed=0.6757 | source=10.2000 | difference=9.5243 | category=REVIEW_REQUIRED
2026-09-19 13:12:19,331 | WARNING | ROE anomaly | company=HINDALCO | year=2016-03 | computed=-1.7287 | source=10.2000 | difference=11.9287 | category=REVIEW_REQUIRED
2026-09-19 13:12:19,331 | WARNING | ROE anomaly | company=HINDALCO | year=2017-03 | computed=4.0861 | source=10.2000 | difference=6.1139 | category=REVIEW_REQUIRED
2026-09-19 13:12:19,331 | WARNING | ROE anomaly | company=HINDALCO | year=2022-03 | computed=17.5596 | source=10.2000 | difference=7.3596 | category=REVIEW_REQUIRED
2026-09-19 13:12:19,331 | WARNING | ROE anomaly | company=HINDUNILVR | year=2013-03 | computed=133.9965 | source=20.2000 | difference=113.7965 | category=REVIEW_REQUIRED
2026-09-19 13:12:19,331 | WARNING | ROE anomaly | company=HINDUNILVR | year=2014-03 | computed=111.8462 | source=20.2000 | difference=91.6462 | category=REVIEW_REQUIRED
2026-09-19 13:12:19,331 | WARNING | ROE anomaly | company=HINDUNILVR | year=2015-03 | computed=108.6665 | source=20.2000 | difference=88.4665 | category=REVIEW_REQUIRED
2026-09-19 13:12:19,332 | WARNING | ROE anomaly | company=HINDUNILVR | year=2016-03 | computed=63.1523 | source=20.2000 | difference=42.9523 | category=REVIEW_REQUIRED
2026-09-19 13:12:19,332 | WARNING | ROE anomaly | company=HINDUNILVR | year=2017-03 | computed=66.5777 | source=20.2000 | difference=46.3777 | category=REVIEW_REQUIRED
2026-09-19 13:12:19,332 | WARNING | ROE anomaly | company=HINDUNILVR | year=2018-03 | computed=71.7896 | source=20.2000 | difference=51.5896 | category=REVIEW_REQUIRED
2026-09-19 13:12:19,332 | WARNING | ROE anomaly | company=HINDUNILVR | year=2019-03 | computed=77.0306 | source=20.2000 | difference=56.8306 | category=REVIEW_REQUIRED
2026-09-19 13:12:19,332 | WARNING | ROE anomaly | company=HINDUNILVR | year=2020-03 | computed=82.0999 | source=20.2000 | difference=61.8999 | category=REVIEW_REQUIRED
2026-09-19 13:12:19,332 | WARNING | ROE anomaly | company=ICICIBANK | year=2016-03 | computed=11.6108 | source=18.8000 | difference=7.1892 | category=REVIEW_REQUIRED
2026-09-19 13:12:19,332 | WARNING | ROE anomaly | company=ICICIBANK | year=2017-03 | computed=10.8380 | source=18.8000 | difference=7.9620 | category=REVIEW_REQUIRED
2026-09-19 13:12:19,332 | WARNING | ROE anomaly | company=ICICIBANK | year=2018-03 | computed=8.2256 | source=18.8000 | difference=10.5744 | category=REVIEW_REQUIRED
2026-09-19 13:12:19,332 | WARNING | ROE anomaly | company=ICICIBANK | year=2019-03 | computed=4.9793 | source=18.8000 | difference=13.8207 | category=REVIEW_REQUIRED
2026-09-19 13:12:19,332 | WARNING | ROE anomaly | company=ICICIBANK | year=2020-03 | computed=9.1290 | source=18.8000 | difference=9.6710 | category=REVIEW_REQUIRED
2026-09-19 13:12:19,332 | WARNING | ROE anomaly | company=ICICIBANK | year=2021-03 | computed=12.9224 | source=18.8000 | difference=5.8776 | category=REVIEW_REQUIRED
2026-09-19 13:12:19,332 | WARNING | ROE anomaly | company=ICICIPRULI | year=2013-03 | computed=38.2479 | source=8.0700 | difference=30.1779 | category=REVIEW_REQUIRED
2026-09-19 13:12:19,332 | WARNING | ROE anomaly | company=ICICIPRULI | year=2014-03 | computed=35.6149 | source=8.0700 | difference=27.5449 | category=REVIEW_REQUIRED
2026-09-19 13:12:19,332 | WARNING | ROE anomaly | company=ICICIPRULI | year=2015-03 | computed=31.1491 | source=8.0700 | difference=23.0791 | category=REVIEW_REQUIRED
2026-09-19 13:12:19,332 | WARNING | ROE anomaly | company=ICICIPRULI | year=2016-03 | computed=30.9976 | source=8.0700 | difference=22.9276 | category=REVIEW_REQUIRED
2026-09-19 13:12:19,332 | WARNING | ROE anomaly | company=ICICIPRULI | year=2017-03 | computed=26.2566 | source=8.0700 | difference=18.1866 | category=REVIEW_REQUIRED
2026-09-19 13:12:19,332 | WARNING | ROE anomaly | company=ICICIPRULI | year=2018-03 | computed=24.6273 | source=8.0700 | difference=16.5573 | category=REVIEW_REQUIRED
2026-09-19 13:12:19,332 | WARNING | ROE anomaly | company=ICICIPRULI | year=2019-03 | computed=16.5769 | source=8.0700 | difference=8.5069 | category=REVIEW_REQUIRED
2026-09-19 13:12:19,332 | WARNING | ROE anomaly | company=ICICIPRULI | year=2020-03 | computed=14.7927 | source=8.0700 | difference=6.7227 | category=REVIEW_REQUIRED
2026-09-19 13:12:19,332 | WARNING | ROE anomaly | company=INDUSINDBK | year=2021-03 | computed=6.5398 | source=15.2000 | difference=8.6602 | category=REVIEW_REQUIRED
2026-09-19 13:12:19,332 | WARNING | ROE anomaly | company=INDUSINDBK | year=2022-03 | computed=9.6671 | source=15.2000 | difference=5.5329 | category=REVIEW_REQUIRED
2026-09-19 13:12:19,332 | WARNING | ROE anomaly | company=INFY | year=2013-03 | computed=24.8171 | source=31.8000 | difference=6.9829 | category=REVIEW_REQUIRED
2026-09-19 13:12:19,332 | WARNING | ROE anomaly | company=INFY | year=2014-03 | computed=23.9299 | source=31.8000 | difference=7.8701 | category=REVIEW_REQUIRED
2026-09-19 13:12:19,332 | WARNING | ROE anomaly | company=INFY | year=2015-03 | computed=24.3851 | source=31.8000 | difference=7.4149 | category=REVIEW_REQUIRED
2026-09-19 13:12:19,332 | WARNING | ROE anomaly | company=INFY | year=2016-03 | computed=21.8467 | source=31.8000 | difference=9.9533 | category=REVIEW_REQUIRED
2026-09-19 13:12:19,332 | WARNING | ROE anomaly | company=INFY | year=2017-03 | computed=20.8069 | source=31.8000 | difference=10.9931 | category=REVIEW_REQUIRED
2026-09-19 13:12:19,332 | WARNING | ROE anomaly | company=INFY | year=2018-03 | computed=24.6892 | source=31.8000 | difference=7.1108 | category=REVIEW_REQUIRED
2026-09-19 13:12:19,332 | WARNING | ROE anomaly | company=INFY | year=2019-03 | computed=23.7267 | source=31.8000 | difference=8.0733 | category=REVIEW_REQUIRED
2026-09-19 13:12:19,332 | WARNING | ROE anomaly | company=INFY | year=2020-03 | computed=25.4225 | source=31.8000 | difference=6.3775 | category=REVIEW_REQUIRED
2026-09-19 13:12:19,332 | WARNING | ROE anomaly | company=INFY | year=2021-03 | computed=25.4391 | source=31.8000 | difference=6.3609 | category=REVIEW_REQUIRED
2026-09-19 13:12:19,332 | WARNING | ROE anomaly | company=IOC | year=2013-03 | computed=5.7538 | source=25.4400 | difference=19.6862 | category=REVIEW_REQUIRED
2026-09-19 13:12:19,332 | WARNING | ROE anomaly | company=IOC | year=2014-03 | computed=10.2587 | source=25.4400 | difference=15.1813 | category=REVIEW_REQUIRED
2026-09-19 13:12:19,332 | WARNING | ROE anomaly | company=IOC | year=2015-03 | computed=7.0781 | source=25.4400 | difference=18.3619 | category=REVIEW_REQUIRED
2026-09-19 13:12:19,332 | WARNING | ROE anomaly | company=IOC | year=2016-03 | computed=13.7953 | source=25.4400 | difference=11.6447 | category=REVIEW_REQUIRED
2026-09-19 13:12:19,332 | WARNING | ROE anomaly | company=IOC | year=2017-03 | computed=19.9665 | source=25.4400 | difference=5.4735 | category=REVIEW_REQUIRED
2026-09-19 13:12:19,332 | WARNING | ROE anomaly | company=IOC | year=2018-03 | computed=19.8693 | source=25.4400 | difference=5.5707 | category=REVIEW_REQUIRED
2026-09-19 13:12:19,332 | WARNING | ROE anomaly | company=IOC | year=2019-03 | computed=15.3589 | source=25.4400 | difference=10.0811 | category=REVIEW_REQUIRED
2026-09-19 13:12:19,332 | WARNING | ROE anomaly | company=IOC | year=2020-03 | computed=-1.9665 | source=25.4400 | difference=27.4065 | category=REVIEW_REQUIRED
2026-09-19 13:12:19,332 | WARNING | ROE anomaly | company=IOC | year=2021-03 | computed=19.4585 | source=25.4400 | difference=5.9815 | category=REVIEW_REQUIRED
2026-09-19 13:12:19,332 | WARNING | ROE anomaly | company=IOC | year=2022-03 | computed=19.2661 | source=25.4400 | difference=6.1739 | category=REVIEW_REQUIRED
2026-09-19 13:12:19,332 | WARNING | ROE anomaly | company=IOC | year=2023-03 | computed=8.3767 | source=25.4400 | difference=17.0633 | category=REVIEW_REQUIRED
2026-09-19 13:12:19,332 | WARNING | ROE anomaly | company=IRCTC | year=2015-03 | computed=29.5045 | source=40.4000 | difference=10.8955 | category=REVIEW_REQUIRED
2026-09-19 13:12:19,333 | WARNING | ROE anomaly | company=IRCTC | year=2016-03 | computed=34.8708 | source=40.4000 | difference=5.5292 | category=REVIEW_REQUIRED
2026-09-19 13:12:19,333 | WARNING | ROE anomaly | company=IRCTC | year=2017-03 | computed=29.0978 | source=40.4000 | difference=11.3022 | category=REVIEW_REQUIRED
2026-09-19 13:12:19,333 | WARNING | ROE anomaly | company=IRCTC | year=2018-03 | computed=23.1414 | source=40.4000 | difference=17.2586 | category=REVIEW_REQUIRED
2026-09-19 13:12:19,333 | WARNING | ROE anomaly | company=IRCTC | year=2019-03 | computed=28.8515 | source=40.4000 | difference=11.5485 | category=REVIEW_REQUIRED
2026-09-19 13:12:19,333 | WARNING | ROE anomaly | company=IRCTC | year=2021-03 | computed=12.8434 | source=40.4000 | difference=27.5566 | category=REVIEW_REQUIRED
2026-09-19 13:12:19,333 | WARNING | ROE anomaly | company=IRCTC | year=2022-03 | computed=35.2941 | source=40.4000 | difference=5.1059 | category=REVIEW_REQUIRED
2026-09-19 13:12:19,333 | WARNING | ROE anomaly | company=IRCTC | year=2024-03 | computed=34.3963 | source=40.4000 | difference=6.0037 | category=REVIEW_REQUIRED
2026-09-19 13:12:19,333 | WARNING | ROE anomaly | company=IRFC | year=2013-03 | computed=8.1639 | source=13.7000 | difference=5.5361 | category=REVIEW_REQUIRED
2026-09-19 13:12:19,333 | WARNING | ROE anomaly | company=IRFC | year=2016-03 | computed=7.3666 | source=13.7000 | difference=6.3334 | category=REVIEW_REQUIRED
2026-09-19 13:12:19,333 | WARNING | ROE anomaly | company=IRFC | year=2017-03 | computed=7.7775 | source=13.7000 | difference=5.9225 | category=REVIEW_REQUIRED
2026-09-19 13:12:19,333 | WARNING | ROE anomaly | company=ITC | year=2016-03 | computed=22.2610 | source=29.4700 | difference=7.2090 | category=REVIEW_REQUIRED
2026-09-19 13:12:19,333 | WARNING | ROE anomaly | company=ITC | year=2017-03 | computed=22.5734 | source=29.4700 | difference=6.8966 | category=REVIEW_REQUIRED
2026-09-19 13:12:19,333 | WARNING | ROE anomaly | company=ITC | year=2018-03 | computed=21.8873 | source=29.4700 | difference=7.5827 | category=REVIEW_REQUIRED
2026-09-19 13:12:19,333 | WARNING | ROE anomaly | company=ITC | year=2019-03 | computed=21.7041 | source=29.4700 | difference=7.7659 | category=REVIEW_REQUIRED
2026-09-19 13:12:19,333 | WARNING | ROE anomaly | company=ITC | year=2020-03 | computed=23.8889 | source=29.4700 | difference=5.5811 | category=REVIEW_REQUIRED
2026-09-19 13:12:19,333 | WARNING | ROE anomaly | company=ITC | year=2021-03 | computed=22.1767 | source=29.4700 | difference=7.2933 | category=REVIEW_REQUIRED
2026-09-19 13:12:19,333 | WARNING | ROE anomaly | company=JINDALSTEL | year=2014-03 | computed=8.3857 | source=14.1000 | difference=5.7143 | category=REVIEW_REQUIRED
2026-09-19 13:12:19,333 | WARNING | ROE anomaly | company=JINDALSTEL | year=2015-03 | computed=-6.9005 | source=14.1000 | difference=21.0005 | category=REVIEW_REQUIRED
2026-09-19 13:12:19,333 | WARNING | ROE anomaly | company=JINDALSTEL | year=2016-03 | computed=-9.5172 | source=14.1000 | difference=23.6172 | category=REVIEW_REQUIRED
2026-09-19 13:12:19,333 | WARNING | ROE anomaly | company=JINDALSTEL | year=2017-03 | computed=-8.4456 | source=14.1000 | difference=22.5456 | category=REVIEW_REQUIRED
2026-09-19 13:12:19,333 | WARNING | ROE anomaly | company=JINDALSTEL | year=2018-03 | computed=-5.3184 | source=14.1000 | difference=19.4184 | category=REVIEW_REQUIRED
2026-09-19 13:12:19,333 | WARNING | ROE anomaly | company=JINDALSTEL | year=2019-03 | computed=-7.5175 | source=14.1000 | difference=21.6175 | category=REVIEW_REQUIRED
2026-09-19 13:12:19,333 | WARNING | ROE anomaly | company=JINDALSTEL | year=2020-03 | computed=-1.2447 | source=14.1000 | difference=15.3447 | category=REVIEW_REQUIRED
2026-09-19 13:12:19,333 | WARNING | ROE anomaly | company=JSWENERGY | year=2013-03 | computed=14.5229 | source=8.4000 | difference=6.1229 | category=REVIEW_REQUIRED
2026-09-19 13:12:19,333 | WARNING | ROE anomaly | company=JSWENERGY | year=2015-03 | computed=18.0633 | source=8.4000 | difference=9.6633 | category=REVIEW_REQUIRED
2026-09-19 13:12:19,333 | WARNING | ROE anomaly | company=JSWENERGY | year=2016-03 | computed=15.0453 | source=8.4000 | difference=6.6453 | category=REVIEW_REQUIRED
2026-09-19 13:12:19,333 | WARNING | ROE anomaly | company=JSWENERGY | year=2018-03 | computed=0.7651 | source=8.4000 | difference=7.6349 | category=REVIEW_REQUIRED
2026-09-19 13:12:19,333 | WARNING | ROE anomaly | company=JSWSTEEL | year=2013-03 | computed=5.4439 | source=11.6600 | difference=6.2161 | category=REVIEW_REQUIRED
2026-09-19 13:12:19,333 | WARNING | ROE anomaly | company=JSWSTEEL | year=2014-03 | computed=1.8986 | source=11.6600 | difference=9.7614 | category=REVIEW_REQUIRED
2026-09-19 13:12:19,333 | WARNING | ROE anomaly | company=JSWSTEEL | year=2016-03 | computed=-2.5361 | source=11.6600 | difference=14.1961 | category=REVIEW_REQUIRED
2026-09-19 13:12:19,333 | WARNING | ROE anomaly | company=JSWSTEEL | year=2018-03 | computed=21.8337 | source=11.6600 | difference=10.1737 | category=REVIEW_REQUIRED
2026-09-19 13:12:19,333 | WARNING | ROE anomaly | company=JSWSTEEL | year=2019-03 | computed=21.6238 | source=11.6600 | difference=9.9638 | category=REVIEW_REQUIRED
2026-09-19 13:12:19,333 | WARNING | ROE anomaly | company=JSWSTEEL | year=2021-03 | computed=16.8356 | source=11.6600 | difference=5.1756 | category=REVIEW_REQUIRED
2026-09-19 13:12:19,333 | WARNING | ROE anomaly | company=JSWSTEEL | year=2022-03 | computed=31.1128 | source=11.6600 | difference=19.4528 | category=REVIEW_REQUIRED
2026-09-19 13:12:19,333 | WARNING | ROE anomaly | company=JSWSTEEL | year=2023-03 | computed=6.3003 | source=11.6600 | difference=5.3597 | category=REVIEW_REQUIRED
2026-09-19 13:12:19,333 | WARNING | ROE anomaly | company=LICI | year=2019-03 | computed=324.3210 | source=63.6100 | difference=260.7110 | category=REVIEW_REQUIRED
2026-09-19 13:12:19,333 | WARNING | ROE anomaly | company=LICI | year=2020-03 | computed=270.4591 | source=63.6100 | difference=206.8491 | category=REVIEW_REQUIRED
2026-09-19 13:12:19,333 | WARNING | ROE anomaly | company=LICI | year=2021-03 | computed=43.2016 | source=63.6100 | difference=20.4084 | category=REVIEW_REQUIRED
2026-09-19 13:12:19,333 | WARNING | ROE anomaly | company=LICI | year=2022-03 | computed=36.3821 | source=63.6100 | difference=27.2279 | category=REVIEW_REQUIRED
2026-09-19 13:12:19,333 | WARNING | ROE anomaly | company=LICI | year=2023-03 | computed=77.8600 | source=63.6100 | difference=14.2500 | category=REVIEW_REQUIRED
2026-09-19 13:12:19,333 | WARNING | ROE anomaly | company=LICI | year=2024-03 | computed=49.4471 | source=63.6100 | difference=14.1629 | category=REVIEW_REQUIRED
2026-09-19 13:12:19,333 | WARNING | ROE anomaly | company=LODHA | year=2011-03 | computed=35.4839 | source=10.7000 | difference=24.7839 | category=REVIEW_REQUIRED
2026-09-19 13:12:19,333 | WARNING | ROE anomaly | company=LODHA | year=2012-03 | computed=33.8366 | source=10.7000 | difference=23.1366 | category=REVIEW_REQUIRED
2026-09-19 13:12:19,334 | WARNING | ROE anomaly | company=LODHA | year=2015-03 | computed=24.2259 | source=10.7000 | difference=13.5259 | category=REVIEW_REQUIRED
2026-09-19 13:12:19,334 | WARNING | ROE anomaly | company=LODHA | year=2016-03 | computed=17.6944 | source=10.7000 | difference=6.9944 | category=REVIEW_REQUIRED
2026-09-19 13:12:19,334 | WARNING | ROE anomaly | company=LODHA | year=2019-03 | computed=42.8014 | source=10.7000 | difference=32.1014 | category=REVIEW_REQUIRED
2026-09-19 13:12:19,334 | WARNING | ROE anomaly | company=LODHA | year=2020-03 | computed=16.3005 | source=10.7000 | difference=5.6005 | category=REVIEW_REQUIRED
2026-09-19 13:12:19,334 | WARNING | ROE anomaly | company=LODHA | year=2021-03 | computed=1.0437 | source=10.7000 | difference=9.6563 | category=REVIEW_REQUIRED
2026-09-19 13:12:19,334 | WARNING | ROE anomaly | company=LODHA | year=2023-03 | computed=3.8695 | source=10.7000 | difference=6.8305 | category=REVIEW_REQUIRED
2026-09-19 13:12:19,334 | WARNING | ROE anomaly | company=LT | year=2013-03 | computed=395.1456 | source=10.4900 | difference=384.6556 | category=REVIEW_REQUIRED
2026-09-19 13:12:19,334 | WARNING | ROE anomaly | company=LT | year=2014-03 | computed=303.4161 | source=10.4900 | difference=292.9261 | category=REVIEW_REQUIRED
2026-09-19 13:12:19,334 | WARNING | ROE anomaly | company=LT | year=2015-03 | computed=245.1135 | source=10.4900 | difference=234.6235 | category=REVIEW_REQUIRED
2026-09-19 13:12:19,334 | WARNING | ROE anomaly | company=LT | year=2016-03 | computed=216.0941 | source=10.4900 | difference=205.6041 | category=REVIEW_REQUIRED
2026-09-19 13:12:19,334 | WARNING | ROE anomaly | company=LT | year=2017-03 | computed=206.2977 | source=10.4900 | difference=195.8077 | category=REVIEW_REQUIRED
2026-09-19 13:12:19,334 | WARNING | ROE anomaly | company=LT | year=2018-03 | computed=207.3575 | source=10.4900 | difference=196.8675 | category=REVIEW_REQUIRED
2026-09-19 13:12:19,334 | WARNING | ROE anomaly | company=LT | year=2019-03 | computed=208.8085 | source=10.4900 | difference=198.3185 | category=REVIEW_REQUIRED
2026-09-19 13:12:19,334 | WARNING | ROE anomaly | company=LT | year=2020-03 | computed=201.5914 | source=10.4900 | difference=191.1014 | category=REVIEW_REQUIRED
2026-09-19 13:12:19,334 | WARNING | ROE anomaly | company=LT | year=2021-03 | computed=176.9031 | source=10.4900 | difference=166.4131 | category=REVIEW_REQUIRED
2026-09-19 13:12:19,334 | WARNING | ROE anomaly | company=LT | year=2022-03 | computed=72.9213 | source=10.4900 | difference=62.4313 | category=REVIEW_REQUIRED
2026-09-19 13:12:19,334 | WARNING | ROE anomaly | company=LT | year=2023-03 | computed=75.5243 | source=10.4900 | difference=65.0343 | category=REVIEW_REQUIRED
2026-09-19 13:12:19,334 | WARNING | ROE anomaly | company=LT | year=2024-03 | computed=77.6651 | source=10.4900 | difference=67.1751 | category=REVIEW_REQUIRED
2026-09-19 13:12:19,334 | WARNING | ROE anomaly | company=LTIM | year=2013-03 | computed=41.9716 | source=26.0400 | difference=15.9316 | category=REVIEW_REQUIRED
2026-09-19 13:12:19,334 | WARNING | ROE anomaly | company=LTIM | year=2014-03 | computed=61.8634 | source=26.0400 | difference=35.8234 | category=REVIEW_REQUIRED
2026-09-19 13:12:19,334 | WARNING | ROE anomaly | company=LTIM | year=2015-03 | computed=37.9566 | source=26.0400 | difference=11.9166 | category=REVIEW_REQUIRED
2026-09-19 13:12:19,334 | WARNING | ROE anomaly | company=LTIM | year=2016-03 | computed=39.3412 | source=26.0400 | difference=13.3012 | category=REVIEW_REQUIRED
2026-09-19 13:12:19,334 | WARNING | ROE anomaly | company=M&M | year=2020-03 | computed=-0.8031 | source=17.9900 | difference=18.7931 | category=REVIEW_REQUIRED
2026-09-19 13:12:19,334 | WARNING | ROE anomaly | company=M&M | year=2021-03 | computed=3.6362 | source=17.9900 | difference=14.3538 | category=REVIEW_REQUIRED
2026-09-19 13:12:19,334 | WARNING | ROE anomaly | company=MARUTI | year=2021-03 | computed=8.3598 | source=15.7500 | difference=7.3902 | category=REVIEW_REQUIRED
2026-09-19 13:12:19,334 | WARNING | ROE anomaly | company=MARUTI | year=2022-03 | computed=7.0121 | source=15.7500 | difference=8.7379 | category=REVIEW_REQUIRED
2026-09-19 13:12:19,334 | WARNING | ROE anomaly | company=MOTHERSON | year=2013-03 | computed=19.7466 | source=11.8000 | difference=7.9466 | category=REVIEW_REQUIRED
2026-09-19 13:12:19,334 | WARNING | ROE anomaly | company=MOTHERSON | year=2014-03 | computed=37.0733 | source=11.8000 | difference=25.2733 | category=REVIEW_REQUIRED
2026-09-19 13:12:19,334 | WARNING | ROE anomaly | company=MOTHERSON | year=2015-03 | computed=38.8688 | source=11.8000 | difference=27.0688 | category=REVIEW_REQUIRED
2026-09-19 13:12:19,334 | WARNING | ROE anomaly | company=MOTHERSON | year=2016-03 | computed=40.3457 | source=11.8000 | difference=28.5457 | category=REVIEW_REQUIRED
2026-09-19 13:12:19,334 | WARNING | ROE anomaly | company=MOTHERSON | year=2017-03 | computed=26.2573 | source=11.8000 | difference=14.4573 | category=REVIEW_REQUIRED
2026-09-19 13:12:19,334 | WARNING | ROE anomaly | company=MOTHERSON | year=2018-03 | computed=22.8652 | source=11.8000 | difference=11.0652 | category=REVIEW_REQUIRED
2026-09-19 13:12:19,334 | WARNING | ROE anomaly | company=MOTHERSON | year=2019-03 | computed=19.1371 | source=11.8000 | difference=7.3371 | category=REVIEW_REQUIRED
2026-09-19 13:12:19,334 | WARNING | ROE anomaly | company=MOTHERSON | year=2022-03 | computed=5.7412 | source=11.8000 | difference=6.0588 | category=REVIEW_REQUIRED
2026-09-19 13:12:19,334 | WARNING | ROE anomaly | company=NAUKRI | year=2013-03 | computed=12.5000 | source=2.4400 | difference=10.0600 | category=REVIEW_REQUIRED
2026-09-19 13:12:19,334 | WARNING | ROE anomaly | company=NAUKRI | year=2014-03 | computed=8.9286 | source=2.4400 | difference=6.4886 | category=REVIEW_REQUIRED
2026-09-19 13:12:19,334 | WARNING | ROE anomaly | company=NAUKRI | year=2016-03 | computed=7.6474 | source=2.4400 | difference=5.2074 | category=REVIEW_REQUIRED
2026-09-19 13:12:19,334 | WARNING | ROE anomaly | company=NAUKRI | year=2017-03 | computed=-2.7010 | source=2.4400 | difference=5.1410 | category=REVIEW_REQUIRED
2026-09-19 13:12:19,335 | WARNING | ROE anomaly | company=NAUKRI | year=2018-03 | computed=24.4988 | source=2.4400 | difference=22.0588 | category=REVIEW_REQUIRED
2026-09-19 13:12:19,335 | WARNING | ROE anomaly | company=NAUKRI | year=2019-03 | computed=23.2796 | source=2.4400 | difference=20.8396 | category=REVIEW_REQUIRED
2026-09-19 13:12:19,335 | WARNING | ROE anomaly | company=NAUKRI | year=2020-03 | computed=-11.2073 | source=2.4400 | difference=13.6473 | category=REVIEW_REQUIRED
2026-09-19 13:12:19,335 | WARNING | ROE anomaly | company=NAUKRI | year=2021-03 | computed=26.2787 | source=2.4400 | difference=23.8387 | category=REVIEW_REQUIRED
2026-09-19 13:12:19,335 | WARNING | ROE anomaly | company=NAUKRI | year=2022-03 | computed=74.7129 | source=2.4400 | difference=72.2729 | category=REVIEW_REQUIRED
2026-09-19 13:12:19,335 | WARNING | ROE anomaly | company=NESTLEIND | year=2013-12 | computed=47.1706 | source=135.6100 | difference=88.4394 | category=REVIEW_REQUIRED
2026-09-19 13:12:19,335 | WARNING | ROE anomaly | company=NESTLEIND | year=2014-12 | computed=41.7695 | source=135.6100 | difference=93.8405 | category=REVIEW_REQUIRED
2026-09-19 13:12:19,335 | WARNING | ROE anomaly | company=NESTLEIND | year=2015-12 | computed=19.9858 | source=135.6100 | difference=115.6242 | category=REVIEW_REQUIRED
2026-09-19 13:12:19,335 | WARNING | ROE anomaly | company=NESTLEIND | year=2016-12 | computed=30.4997 | source=135.6100 | difference=105.1103 | category=REVIEW_REQUIRED
2026-09-19 13:12:19,335 | WARNING | ROE anomaly | company=NESTLEIND | year=2017-12 | computed=35.8187 | source=135.6100 | difference=99.7913 | category=REVIEW_REQUIRED
2026-09-19 13:12:19,335 | WARNING | ROE anomaly | company=NESTLEIND | year=2018-12 | computed=43.7517 | source=135.6100 | difference=91.8583 | category=REVIEW_REQUIRED
2026-09-19 13:12:19,335 | WARNING | ROE anomaly | company=NESTLEIND | year=2019-12 | computed=102.6069 | source=135.6100 | difference=33.0031 | category=REVIEW_REQUIRED
2026-09-19 13:12:19,335 | WARNING | ROE anomaly | company=NESTLEIND | year=2020-12 | computed=103.1204 | source=135.6100 | difference=32.4896 | category=REVIEW_REQUIRED
2026-09-19 13:12:19,335 | WARNING | ROE anomaly | company=NESTLEIND | year=2021-12 | computed=108.8386 | source=135.6100 | difference=26.7714 | category=REVIEW_REQUIRED
2026-09-19 13:12:19,335 | WARNING | ROE anomaly | company=NESTLEIND | year=2022-12 | computed=97.2346 | source=135.6100 | difference=38.3754 | category=REVIEW_REQUIRED
2026-09-19 13:12:19,335 | WARNING | ROE anomaly | company=NESTLEIND | year=2023-12 | computed=121.9601 | source=135.6100 | difference=13.6499 | category=REVIEW_REQUIRED
2026-09-19 13:12:19,335 | WARNING | ROE anomaly | company=NESTLEIND | year=2024-03 | computed=117.7545 | source=135.6100 | difference=17.8555 | category=REVIEW_REQUIRED
2026-09-19 13:12:19,335 | WARNING | ROE anomaly | company=ONGC | year=2016-03 | computed=6.6234 | source=14.3200 | difference=7.6966 | category=REVIEW_REQUIRED
2026-09-19 13:12:19,335 | WARNING | ROE anomaly | company=ONGC | year=2020-03 | computed=5.5855 | source=14.3200 | difference=8.7345 | category=REVIEW_REQUIRED
2026-09-19 13:12:19,335 | WARNING | ROE anomaly | company=PFC | year=2017-03 | computed=6.0687 | source=19.4900 | difference=13.4213 | category=REVIEW_REQUIRED
2026-09-19 13:12:19,335 | WARNING | ROE anomaly | company=PFC | year=2019-03 | computed=26.8246 | source=19.4900 | difference=7.3346 | category=REVIEW_REQUIRED
2026-09-19 13:12:19,335 | WARNING | ROE anomaly | company=PFC | year=2021-03 | computed=25.8627 | source=19.4900 | difference=6.3727 | category=REVIEW_REQUIRED
2026-09-19 13:12:19,335 | WARNING | ROE anomaly | company=PFC | year=2022-03 | computed=26.1845 | source=19.4900 | difference=6.6945 | category=REVIEW_REQUIRED
2026-09-19 13:12:19,335 | WARNING | ROE anomaly | company=PFC | year=2023-03 | computed=25.1658 | source=19.4900 | difference=5.6758 | category=REVIEW_REQUIRED
2026-09-19 13:12:19,335 | WARNING | ROE anomaly | company=PFC | year=2024-03 | computed=26.1609 | source=19.4900 | difference=6.6709 | category=REVIEW_REQUIRED
2026-09-19 13:12:19,335 | WARNING | ROE anomaly | company=PIDILITIND | year=2016-03 | computed=30.5914 | source=22.8000 | difference=7.7914 | category=REVIEW_REQUIRED
2026-09-19 13:12:19,335 | WARNING | ROE anomaly | company=PNB | year=2013-03 | computed=812.2977 | source=8.7000 | difference=803.5977 | category=REVIEW_REQUIRED
2026-09-19 13:12:19,335 | WARNING | ROE anomaly | company=PNB | year=2014-03 | computed=393.3619 | source=8.7000 | difference=384.6619 | category=REVIEW_REQUIRED
2026-09-19 13:12:19,335 | WARNING | ROE anomaly | company=PNB | year=2015-03 | computed=223.2426 | source=8.7000 | difference=214.5426 | category=REVIEW_REQUIRED
2026-09-19 13:12:19,336 | WARNING | ROE anomaly | company=PNB | year=2016-03 | computed=-163.5601 | source=8.7000 | difference=172.2601 | category=REVIEW_REQUIRED
2026-09-19 13:12:19,336 | WARNING | ROE anomaly | company=PNB | year=2017-03 | computed=22.2123 | source=8.7000 | difference=13.5123 | category=REVIEW_REQUIRED
2026-09-19 13:12:19,336 | WARNING | ROE anomaly | company=PNB | year=2018-03 | computed=-184.3660 | source=8.7000 | difference=193.0660 | category=REVIEW_REQUIRED
2026-09-19 13:12:19,336 | WARNING | ROE anomaly | company=PNB | year=2019-03 | computed=-128.4465 | source=8.7000 | difference=137.1465 | category=REVIEW_REQUIRED
2026-09-19 13:12:19,336 | WARNING | ROE anomaly | company=PNB | year=2021-03 | computed=30.3936 | source=8.7000 | difference=21.6936 | category=REVIEW_REQUIRED
2026-09-19 13:12:19,336 | WARNING | ROE anomaly | company=PNB | year=2022-03 | computed=39.8735 | source=8.7000 | difference=31.1735 | category=REVIEW_REQUIRED
2026-09-19 13:12:19,336 | WARNING | ROE anomaly | company=PNB | year=2023-03 | computed=30.6674 | source=8.7000 | difference=21.9674 | category=REVIEW_REQUIRED
2026-09-19 13:12:19,336 | WARNING | ROE anomaly | company=PNB | year=2024-03 | computed=61.3206 | source=8.7000 | difference=52.6206 | category=REVIEW_REQUIRED
2026-09-19 13:12:19,337 | WARNING | ROE anomaly | company=POWERGRID | year=2014-03 | computed=13.1074 | source=19.0000 | difference=5.8926 | category=REVIEW_REQUIRED
2026-09-19 13:12:19,337 | WARNING | ROE anomaly | company=POWERGRID | year=2015-03 | computed=13.1273 | source=19.0000 | difference=5.8727 | category=REVIEW_REQUIRED
2026-09-19 13:12:19,337 | WARNING | ROE anomaly | company=POWERGRID | year=2016-03 | computed=13.5524 | source=19.0000 | difference=5.4476 | category=REVIEW_REQUIRED
2026-09-19 13:12:19,337 | WARNING | ROE anomaly | company=RECLTD | year=2018-03 | computed=13.6584 | source=22.2000 | difference=8.5416 | category=REVIEW_REQUIRED
2026-09-19 13:12:19,337 | WARNING | ROE anomaly | company=RECLTD | year=2019-03 | computed=16.6184 | source=22.2000 | difference=5.5816 | category=REVIEW_REQUIRED
2026-09-19 13:12:19,337 | WARNING | ROE anomaly | company=RECLTD | year=2020-03 | computed=14.0464 | source=22.2000 | difference=8.1536 | category=REVIEW_REQUIRED
2026-09-19 13:12:19,337 | WARNING | ROE anomaly | company=SBILIFE | year=2013-03 | computed=23.0263 | source=12.0000 | difference=11.0263 | category=REVIEW_REQUIRED
2026-09-19 13:12:19,337 | WARNING | ROE anomaly | company=SBILIFE | year=2014-03 | computed=21.6925 | source=12.0000 | difference=9.6925 | category=REVIEW_REQUIRED
2026-09-19 13:12:19,337 | WARNING | ROE anomaly | company=SBILIFE | year=2015-03 | computed=20.0937 | source=12.0000 | difference=8.0937 | category=REVIEW_REQUIRED
2026-09-19 13:12:19,337 | WARNING | ROE anomaly | company=SBILIFE | year=2016-03 | computed=17.8322 | source=12.0000 | difference=5.8322 | category=REVIEW_REQUIRED
2026-09-19 13:12:19,337 | WARNING | ROE anomaly | company=SBILIFE | year=2017-03 | computed=17.2010 | source=12.0000 | difference=5.2010 | category=REVIEW_REQUIRED
2026-09-19 13:12:19,337 | WARNING | ROE anomaly | company=SBILIFE | year=2018-03 | computed=17.6164 | source=12.0000 | difference=5.6164 | category=REVIEW_REQUIRED
2026-09-19 13:12:19,337 | WARNING | ROE anomaly | company=SBILIFE | year=2019-03 | computed=17.5158 | source=12.0000 | difference=5.5158 | category=REVIEW_REQUIRED
2026-09-19 13:12:19,337 | WARNING | ROE anomaly | company=SHREECEM | year=2013-06 | computed=26.1186 | source=12.2000 | difference=13.9186 | category=REVIEW_REQUIRED
2026-09-19 13:12:19,337 | WARNING | ROE anomaly | company=SHREECEM | year=2017-03 | computed=17.3941 | source=12.2000 | difference=5.1941 | category=REVIEW_REQUIRED
2026-09-19 13:12:19,337 | WARNING | ROE anomaly | company=SHRIRAMFIN | year=2022-03 | computed=10.4273 | source=15.9000 | difference=5.4727 | category=REVIEW_REQUIRED
2026-09-19 13:12:19,337 | WARNING | ROE anomaly | company=SIEMENS | year=2014-09 | computed=13.7829 | source=19.1000 | difference=5.3171 | category=REVIEW_REQUIRED
2026-09-19 13:12:19,337 | WARNING | ROE anomaly | company=SIEMENS | year=2016-09 | computed=42.8340 | source=19.1000 | difference=23.7340 | category=REVIEW_REQUIRED
2026-09-19 13:12:19,337 | WARNING | ROE anomaly | company=SIEMENS | year=2018-09 | computed=10.8567 | source=19.1000 | difference=8.2433 | category=REVIEW_REQUIRED
2026-09-19 13:12:19,337 | WARNING | ROE anomaly | company=SIEMENS | year=2019-09 | computed=12.1450 | source=19.1000 | difference=6.9550 | category=REVIEW_REQUIRED
2026-09-19 13:12:19,337 | WARNING | ROE anomaly | company=SIEMENS | year=2020-09 | computed=8.1016 | source=19.1000 | difference=10.9984 | category=REVIEW_REQUIRED
2026-09-19 13:12:19,337 | WARNING | ROE anomaly | company=SIEMENS | year=2021-09 | computed=10.5248 | source=19.1000 | difference=8.5752 | category=REVIEW_REQUIRED
2026-09-19 13:12:19,337 | WARNING | ROE anomaly | company=SIEMENS | year=2022-09 | computed=13.2903 | source=19.1000 | difference=5.8097 | category=REVIEW_REQUIRED
2026-09-19 13:12:19,338 | WARNING | ROE anomaly | company=SUNPHARMA | year=2013-03 | computed=23.1421 | source=16.7000 | difference=6.4421 | category=REVIEW_REQUIRED
2026-09-19 13:12:19,338 | WARNING | ROE anomaly | company=SUNPHARMA | year=2018-03 | computed=6.6347 | source=16.7000 | difference=10.0653 | category=REVIEW_REQUIRED
2026-09-19 13:12:19,338 | WARNING | ROE anomaly | company=SUNPHARMA | year=2019-03 | computed=7.7471 | source=16.7000 | difference=8.9529 | category=REVIEW_REQUIRED
2026-09-19 13:12:19,338 | WARNING | ROE anomaly | company=SUNPHARMA | year=2020-03 | computed=9.2168 | source=16.7000 | difference=7.4832 | category=REVIEW_REQUIRED
2026-09-19 13:12:19,338 | WARNING | ROE anomaly | company=SUNPHARMA | year=2021-03 | computed=4.8899 | source=16.7000 | difference=11.8101 | category=REVIEW_REQUIRED
2026-09-19 13:12:19,338 | WARNING | ROE anomaly | company=SUNPHARMA | year=2022-03 | computed=7.0588 | source=16.7000 | difference=9.6412 | category=REVIEW_REQUIRED
2026-09-19 13:12:19,338 | WARNING | ROE anomaly | company=TATACONSUM | year=2016-03 | computed=-0.5923 | source=8.3200 | difference=8.9123 | category=REVIEW_REQUIRED
2026-09-19 13:12:19,338 | WARNING | ROE anomaly | company=TATAMOTORS | year=2013-03 | computed=26.5058 | source=49.4000 | difference=22.8942 | category=REVIEW_REQUIRED
2026-09-19 13:12:19,338 | WARNING | ROE anomaly | company=TATAMOTORS | year=2014-03 | computed=21.4164 | source=49.4000 | difference=27.9836 | category=REVIEW_REQUIRED
2026-09-19 13:12:19,338 | WARNING | ROE anomaly | company=TATAMOTORS | year=2015-03 | computed=25.0133 | source=49.4000 | difference=24.3867 | category=REVIEW_REQUIRED
2026-09-19 13:12:19,338 | WARNING | ROE anomaly | company=TATAMOTORS | year=2016-03 | computed=14.7913 | source=49.4000 | difference=34.6087 | category=REVIEW_REQUIRED
2026-09-19 13:12:19,338 | WARNING | ROE anomaly | company=TATAMOTORS | year=2017-03 | computed=13.0154 | source=49.4000 | difference=36.3846 | category=REVIEW_REQUIRED
2026-09-19 13:12:19,338 | WARNING | ROE anomaly | company=TATAMOTORS | year=2018-03 | computed=9.5266 | source=49.4000 | difference=39.8734 | category=REVIEW_REQUIRED
2026-09-19 13:12:19,338 | WARNING | ROE anomaly | company=TATAMOTORS | year=2019-03 | computed=-47.7309 | source=49.4000 | difference=97.1309 | category=REVIEW_REQUIRED
2026-09-19 13:12:19,338 | WARNING | ROE anomaly | company=TATAMOTORS | year=2020-03 | computed=-18.9841 | source=49.4000 | difference=68.3841 | category=REVIEW_REQUIRED
2026-09-19 13:12:19,338 | WARNING | ROE anomaly | company=TATAMOTORS | year=2021-03 | computed=-24.2457 | source=49.4000 | difference=73.6457 | category=REVIEW_REQUIRED
2026-09-19 13:12:19,338 | WARNING | ROE anomaly | company=TATAMOTORS | year=2022-03 | computed=-25.3787 | source=49.4000 | difference=74.7787 | category=REVIEW_REQUIRED
2026-09-19 13:12:19,338 | WARNING | ROE anomaly | company=TATAMOTORS | year=2023-03 | computed=5.9353 | source=49.4000 | difference=43.4647 | category=REVIEW_REQUIRED
2026-09-19 13:12:19,338 | WARNING | ROE anomaly | company=TATAMOTORS | year=2024-03 | computed=37.4561 | source=49.4000 | difference=11.9439 | category=REVIEW_REQUIRED
2026-09-19 13:12:19,338 | WARNING | ROE anomaly | company=TATAPOWER | year=2013-03 | computed=0.9972 | source=11.3000 | difference=10.3028 | category=REVIEW_REQUIRED
2026-09-19 13:12:19,338 | WARNING | ROE anomaly | company=TATAPOWER | year=2014-03 | computed=0.0968 | source=11.3000 | difference=11.2032 | category=REVIEW_REQUIRED
2026-09-19 13:12:19,338 | WARNING | ROE anomaly | company=TATAPOWER | year=2015-03 | computed=3.1918 | source=11.3000 | difference=8.1082 | category=REVIEW_REQUIRED
2026-09-19 13:12:19,338 | WARNING | ROE anomaly | company=TATASTEEL | year=2013-03 | computed=-21.2806 | source=6.5500 | difference=27.8306 | category=REVIEW_REQUIRED
2026-09-19 13:12:19,338 | WARNING | ROE anomaly | company=TATASTEEL | year=2015-03 | computed=-12.5650 | source=6.5500 | difference=19.1150 | category=REVIEW_REQUIRED
2026-09-19 13:12:19,338 | WARNING | ROE anomaly | company=TATASTEEL | year=2016-03 | computed=-1.1365 | source=6.5500 | difference=7.6865 | category=REVIEW_REQUIRED
2026-09-19 13:12:19,338 | WARNING | ROE anomaly | company=TATASTEEL | year=2017-03 | computed=-11.0236 | source=6.5500 | difference=17.5736 | category=REVIEW_REQUIRED
2026-09-19 13:12:19,338 | WARNING | ROE anomaly | company=TATASTEEL | year=2018-03 | computed=29.1485 | source=6.5500 | difference=22.5985 | category=REVIEW_REQUIRED
2026-09-19 13:12:19,338 | WARNING | ROE anomaly | company=TATASTEEL | year=2019-03 | computed=13.2347 | source=6.5500 | difference=6.6847 | category=REVIEW_REQUIRED
2026-09-19 13:12:19,338 | WARNING | ROE anomaly | company=TATASTEEL | year=2022-03 | computed=36.4802 | source=6.5500 | difference=29.9302 | category=REVIEW_REQUIRED
2026-09-19 13:12:19,338 | WARNING | ROE anomaly | company=TATASTEEL | year=2024-03 | computed=-5.3349 | source=6.5500 | difference=11.8849 | category=REVIEW_REQUIRED
2026-09-19 13:12:19,338 | WARNING | ROE anomaly | company=TCS | year=2013-03 | computed=36.5174 | source=0.5200 | difference=35.9974 | category=REVIEW_REQUIRED
2026-09-19 13:12:19,338 | WARNING | ROE anomaly | company=TCS | year=2014-03 | computed=39.2967 | source=0.5200 | difference=38.7767 | category=REVIEW_REQUIRED
2026-09-19 13:12:19,338 | WARNING | ROE anomaly | company=TCS | year=2015-03 | computed=39.6169 | source=0.5200 | difference=39.0969 | category=REVIEW_REQUIRED
2026-09-19 13:12:19,338 | WARNING | ROE anomaly | company=TCS | year=2016-03 | computed=34.2441 | source=0.5200 | difference=33.7241 | category=REVIEW_REQUIRED
2026-09-19 13:12:19,339 | WARNING | ROE anomaly | company=TCS | year=2017-03 | computed=30.5716 | source=0.5200 | difference=30.0516 | category=REVIEW_REQUIRED
2026-09-19 13:12:19,339 | WARNING | ROE anomaly | company=TCS | year=2018-03 | computed=30.4013 | source=0.5200 | difference=29.8813 | category=REVIEW_REQUIRED
2026-09-19 13:12:19,339 | WARNING | ROE anomaly | company=TCS | year=2019-03 | computed=35.2861 | source=0.5200 | difference=34.7661 | category=REVIEW_REQUIRED
2026-09-19 13:12:19,339 | WARNING | ROE anomaly | company=TCS | year=2020-03 | computed=38.5695 | source=0.5200 | difference=38.0495 | category=REVIEW_REQUIRED
2026-09-19 13:12:19,339 | WARNING | ROE anomaly | company=TCS | year=2021-03 | computed=37.6731 | source=0.5200 | difference=37.1531 | category=REVIEW_REQUIRED
2026-09-19 13:12:19,339 | WARNING | ROE anomaly | company=TCS | year=2022-03 | computed=43.1338 | source=0.5200 | difference=42.6138 | category=REVIEW_REQUIRED
2026-09-19 13:12:19,339 | WARNING | ROE anomaly | company=TCS | year=2023-03 | computed=46.7829 | source=0.5200 | difference=46.2629 | category=REVIEW_REQUIRED
2026-09-19 13:12:19,339 | WARNING | ROE anomaly | company=TCS | year=2024-03 | computed=50.9443 | source=0.5200 | difference=50.4243 | category=REVIEW_REQUIRED
2026-09-19 13:12:19,339 | WARNING | ROE anomaly | company=TECHM | year=2013-03 | computed=24.0877 | source=8.6300 | difference=15.4577 | category=REVIEW_REQUIRED
2026-09-19 13:12:19,339 | WARNING | ROE anomaly | company=TECHM | year=2014-03 | computed=33.3479 | source=8.6300 | difference=24.7179 | category=REVIEW_REQUIRED
2026-09-19 13:12:19,339 | WARNING | ROE anomaly | company=TECHM | year=2015-03 | computed=21.7097 | source=8.6300 | difference=13.0797 | category=REVIEW_REQUIRED
2026-09-19 13:12:19,339 | WARNING | ROE anomaly | company=TECHM | year=2016-03 | computed=20.7457 | source=8.6300 | difference=12.1157 | category=REVIEW_REQUIRED
2026-09-19 13:12:19,339 | WARNING | ROE anomaly | company=TECHM | year=2017-03 | computed=17.3450 | source=8.6300 | difference=8.7150 | category=REVIEW_REQUIRED
2026-09-19 13:12:19,339 | WARNING | ROE anomaly | company=TECHM | year=2018-03 | computed=20.0923 | source=8.6300 | difference=11.4623 | category=REVIEW_REQUIRED
2026-09-19 13:12:19,339 | WARNING | ROE anomaly | company=TECHM | year=2019-03 | computed=21.1437 | source=8.6300 | difference=12.5137 | category=REVIEW_REQUIRED
2026-09-19 13:12:19,339 | WARNING | ROE anomaly | company=TECHM | year=2020-03 | computed=17.8655 | source=8.6300 | difference=9.2355 | category=REVIEW_REQUIRED
2026-09-19 13:12:19,339 | WARNING | ROE anomaly | company=TECHM | year=2021-03 | computed=17.5065 | source=8.6300 | difference=8.8765 | category=REVIEW_REQUIRED
2026-09-19 13:12:19,339 | WARNING | ROE anomaly | company=TECHM | year=2022-03 | computed=20.9403 | source=8.6300 | difference=12.3103 | category=REVIEW_REQUIRED
2026-09-19 13:12:19,339 | WARNING | ROE anomaly | company=TECHM | year=2023-03 | computed=17.3936 | source=8.6300 | difference=8.7636 | category=REVIEW_REQUIRED
2026-09-19 13:12:19,339 | WARNING | ROE anomaly | company=TITAN | year=2015-03 | computed=26.4591 | source=32.9000 | difference=6.4409 | category=REVIEW_REQUIRED
2026-09-19 13:12:19,339 | WARNING | ROE anomaly | company=TITAN | year=2016-03 | computed=19.2472 | source=32.9000 | difference=13.6528 | category=REVIEW_REQUIRED
2026-09-19 13:12:19,339 | WARNING | ROE anomaly | company=TITAN | year=2017-03 | computed=16.4659 | source=32.9000 | difference=16.4341 | category=REVIEW_REQUIRED
2026-09-19 13:12:19,339 | WARNING | ROE anomaly | company=TITAN | year=2018-03 | computed=21.6503 | source=32.9000 | difference=11.2497 | category=REVIEW_REQUIRED
2026-09-19 13:12:19,339 | WARNING | ROE anomaly | company=TITAN | year=2019-03 | computed=22.8830 | source=32.9000 | difference=10.0170 | category=REVIEW_REQUIRED
2026-09-19 13:12:19,339 | WARNING | ROE anomaly | company=TITAN | year=2020-03 | computed=22.3872 | source=32.9000 | difference=10.5128 | category=REVIEW_REQUIRED
2026-09-19 13:12:19,339 | WARNING | ROE anomaly | company=TITAN | year=2021-03 | computed=12.9919 | source=32.9000 | difference=19.9081 | category=REVIEW_REQUIRED
2026-09-19 13:12:19,339 | WARNING | ROE anomaly | company=TITAN | year=2022-03 | computed=23.6268 | source=32.9000 | difference=9.2732 | category=REVIEW_REQUIRED
2026-09-19 13:12:19,339 | WARNING | ROE anomaly | company=TITAN | year=2023-03 | computed=27.6264 | source=32.9000 | difference=5.2736 | category=REVIEW_REQUIRED
2026-09-19 13:12:19,339 | WARNING | ROE anomaly | company=TORNTPHARM | year=2013-03 | computed=30.5907 | source=24.2000 | difference=6.3907 | category=REVIEW_REQUIRED
2026-09-19 13:12:19,339 | WARNING | ROE anomaly | company=TORNTPHARM | year=2014-03 | computed=34.8923 | source=24.2000 | difference=10.6923 | category=REVIEW_REQUIRED
2026-09-19 13:12:19,339 | WARNING | ROE anomaly | company=TORNTPHARM | year=2015-03 | computed=30.1485 | source=24.2000 | difference=5.9485 | category=REVIEW_REQUIRED
2026-09-19 13:12:19,339 | WARNING | ROE anomaly | company=TORNTPHARM | year=2016-03 | computed=49.5993 | source=24.2000 | difference=25.3993 | category=REVIEW_REQUIRED
2026-09-19 13:12:19,339 | WARNING | ROE anomaly | company=TORNTPHARM | year=2018-03 | computed=14.6658 | source=24.2000 | difference=9.5342 | category=REVIEW_REQUIRED
2026-09-19 13:12:19,339 | WARNING | ROE anomaly | company=TORNTPHARM | year=2019-03 | computed=9.2275 | source=24.2000 | difference=14.9725 | category=REVIEW_REQUIRED
2026-09-19 13:12:19,339 | WARNING | ROE anomaly | company=TORNTPHARM | year=2022-03 | computed=13.0522 | source=24.2000 | difference=11.1478 | category=REVIEW_REQUIRED
2026-09-19 13:12:19,339 | WARNING | ROE anomaly | company=TRENT | year=2013-03 | computed=-2.1933 | source=27.2000 | difference=29.3933 | category=REVIEW_REQUIRED
2026-09-19 13:12:19,339 | WARNING | ROE anomaly | company=TRENT | year=2014-03 | computed=-1.9173 | source=27.2000 | difference=29.1173 | category=REVIEW_REQUIRED
2026-09-19 13:12:19,339 | WARNING | ROE anomaly | company=TRENT | year=2015-03 | computed=9.0717 | source=27.2000 | difference=18.1283 | category=REVIEW_REQUIRED
2026-09-19 13:12:19,339 | WARNING | ROE anomaly | company=TRENT | year=2016-03 | computed=3.7568 | source=27.2000 | difference=23.4432 | category=REVIEW_REQUIRED
2026-09-19 13:12:19,339 | WARNING | ROE anomaly | company=TRENT | year=2017-03 | computed=5.4945 | source=27.2000 | difference=21.7055 | category=REVIEW_REQUIRED
2026-09-19 13:12:19,340 | WARNING | ROE anomaly | company=TRENT | year=2018-03 | computed=5.4545 | source=27.2000 | difference=21.7455 | category=REVIEW_REQUIRED
2026-09-19 13:12:19,340 | WARNING | ROE anomaly | company=TRENT | year=2019-03 | computed=5.7716 | source=27.2000 | difference=21.4284 | category=REVIEW_REQUIRED
2026-09-19 13:12:19,340 | WARNING | ROE anomaly | company=TRENT | year=2020-03 | computed=4.4389 | source=27.2000 | difference=22.7611 | category=REVIEW_REQUIRED
2026-09-19 13:12:19,340 | WARNING | ROE anomaly | company=TRENT | year=2021-03 | computed=-7.8253 | source=27.2000 | difference=35.0253 | category=REVIEW_REQUIRED
2026-09-19 13:12:19,340 | WARNING | ROE anomaly | company=TRENT | year=2022-03 | computed=1.4805 | source=27.2000 | difference=25.7195 | category=REVIEW_REQUIRED
2026-09-19 13:12:19,340 | WARNING | ROE anomaly | company=TRENT | year=2023-03 | computed=15.1772 | source=27.2000 | difference=12.0228 | category=REVIEW_REQUIRED
2026-09-19 13:12:19,340 | WARNING | ROE anomaly | company=TRENT | year=2024-03 | computed=36.3078 | source=27.2000 | difference=9.1078 | category=REVIEW_REQUIRED
2026-09-19 13:12:19,340 | INFO | Financials carve-out | company=AXISBANK | high leverage warning suppressed
2026-09-19 13:12:19,340 | INFO | Financials carve-out | company=BAJAJFINSV | high leverage warning suppressed
2026-09-19 13:12:19,340 | INFO | Financials carve-out | company=BAJAJHLDNG | high leverage warning suppressed
2026-09-19 13:12:19,340 | INFO | Financials carve-out | company=BAJFINANCE | high leverage warning suppressed
2026-09-19 13:12:19,340 | INFO | Financials carve-out | company=BANKBARODA | high leverage warning suppressed
2026-09-19 13:12:19,340 | INFO | Financials carve-out | company=CANBK | high leverage warning suppressed
2026-09-19 13:12:19,341 | INFO | Financials carve-out | company=CHOLAFIN | high leverage warning suppressed
2026-09-19 13:12:19,341 | INFO | Financials carve-out | company=HDFCBANK | high leverage warning suppressed
2026-09-19 13:12:19,341 | INFO | Financials carve-out | company=HDFCLIFE | high leverage warning suppressed
2026-09-19 13:12:19,341 | INFO | Financials carve-out | company=ICICIBANK | high leverage warning suppressed
2026-09-19 13:12:19,341 | INFO | Financials carve-out | company=ICICIGI | high leverage warning suppressed
2026-09-19 13:12:19,341 | INFO | Financials carve-out | company=ICICIPRULI | high leverage warning suppressed
2026-09-19 13:12:19,341 | INFO | Financials carve-out | company=INDUSINDBK | high leverage warning suppressed
2026-09-19 13:12:19,341 | INFO | Financials carve-out | company=IRFC | high leverage warning suppressed
2026-09-19 13:12:19,341 | INFO | Financials carve-out | company=JIOFIN | high leverage warning suppressed
2026-09-19 13:12:19,341 | INFO | Financials carve-out | company=KOTAKBANK | high leverage warning suppressed
2026-09-19 13:12:19,341 | INFO | Financials carve-out | company=LICI | high leverage warning suppressed
2026-09-19 13:12:19,341 | INFO | Financials carve-out | company=PFC | high leverage warning suppressed
2026-09-19 13:12:19,341 | INFO | Financials carve-out | company=PNB | high leverage warning suppressed
2026-09-19 13:12:19,341 | INFO | Financials carve-out | company=RECLTD | high leverage warning suppressed
2026-09-19 13:12:19,341 | INFO | Financials carve-out | company=SBILIFE | high leverage warning suppressed
2026-09-19 13:12:19,341 | INFO | Financials carve-out | company=SBIN | high leverage warning suppressed
2026-09-19 13:12:19,341 | INFO | Financials carve-out | company=SHRIRAMFIN | high leverage warning suppressed
